date,AVG(Temp),AVG(Press),AVG(Cond),AVG(Salinity),AVG(DO),AVG(rawO2),AVG(OxySat),AVG(pH),AVG(Redox)
01/01/2014 0:03,3.997746302,9.621590016,0.040665008,0.030426135,13.64697077,557.8256899,104.2489869,8.13261496,355.7023977
02/01/2014 0:05,4.057666958,3.944665552,0.039898844,0.029823479,13.60542035,557.2651253,104.09467,8.105203073,358.5333608
03/01/2014 0:05,4.13361175,3.991832818,0.03766908,0.028097318,13.58907035,558.5972491,104.1755878,8.045604352,359.7073666
04/01/2014 0:14,4.188685341,3.945494965,0.0345822,0.025744588,13.57723625,559.5497343,104.2334046,7.972540447,361.7077446
05/01/2014 0:08,4.346171706,9.391423477,0.03129767,0.023243731,13.50922589,561.2889897,104.1372666,7.902102893,357.6428923
06/01/2014 0:05,4.392661279,9.359303401,0.03112603,0.023105117,13.42513025,559.004669,103.6140057,7.89263666,358.9344329
07/01/2014 0:05,4.362913301,9.504405446,0.032435575,0.024089534,13.36802177,555.8750569,103.0940315,7.89986787,360.8470935
08/01/2014 0:04,4.331744297,9.513480077,0.035868421,0.026672862,13.38517309,555.7764248,103.1437178,7.960108467,362.3138812
09/01/2014 0:05,4.262987126,3.962276253,0.035115589,0.026128516,13.32167398,550.9444002,102.4707538,7.926952663,366.30263
10/01/2014 0:05,4.309596222,3.938766667,0.033933667,0.025224667,13.30987211,551.656833,102.5040046,7.942602667,364.955475
11/01/2014 0:05,NAN,NAN,NAN,NAN,NAN,NAN,NAN,NAN,NAN
12/01/2014 0:05,NAN,NAN,NAN,NAN,NAN,NAN,NAN,NAN,NAN
13/01/2014 0:05,NAN,NAN,NAN,NAN,NAN,NAN,NAN,NAN,NAN
14/01/2014 0:05,NAN,NAN,NAN,NAN,NAN,NAN,NAN,NAN,NAN
15/01/2014 0:05,NAN,NAN,NAN,NAN,NAN,NAN,NAN,NAN,NAN
16/01/2014 14:00,4.517913,3.363136583,0.031323917,0.023233167,13.25917875,554.8753509,102.6681863,7.881645083,361.9164378
17/01/2014 1:00,4.465651,4.118094783,0.032199348,0.023893478,13.18188126,550.3558058,101.9314101,7.890480174,365.386147
18/01/2014 1:00,4.469518217,4.05693,0.032463087,0.024089304,13.12870148,548.2303678,101.5305113,7.885161565,368.2654856
19/01/2014 1:00,4.428739043,4.088367261,0.032644,0.024232478,13.10265639,546.1043833,101.221678,7.87417,368.7347266
20/01/2014 1:00,4.321483208,4.213360875,0.033317083,0.024759417,13.20273446,547.5269165,101.7100706,7.905469208,367.774592
21/01/2014 0:00,4.259325667,4.208682125,0.033750625,0.02509925,13.17880813,544.9431941,101.3613697,7.924879458,365.7412504
22/01/2014 0:00,4.2945065,4.171601042,0.034082833,0.025340542,13.14483229,544.4360963,101.1932253,7.914285625,366.3352332
23/01/2014 0:00,4.316840045,4.267291091,0.034139318,0.025359545,13.16070659,545.6687566,101.3737765,7.913943136,366.5150091
24/01/2014 0:00,4.290890875,4.305931875,0.034544917,0.025688792,13.229849,547.8739903,101.8381706,7.932011292,365.3015543
25/01/2014 0:00,4.361384083,4.294320625,0.034783333,0.025849333,13.20529104,548.6698735,101.8365739,7.952133333,363.7011109
26/01/2014 0:00,4.416692042,4.277963792,0.035072333,0.026051167,13.27918175,553.1744156,102.5547797,7.958724,364.184372
27/01/2014 0:00,4.442355333,4.175539042,0.034906,0.025914792,13.36582146,557.4405137,103.292503,7.979201417,362.8344103
28/01/2014 0:00,4.3274465,4.10268075,0.034544875,0.025679417,13.4005045,555.8784155,103.2502579,7.984011875,362.7155228
29/01/2014 0:00,4.223845935,11.81112548,0.034382758,0.025578355,13.3959762,553.5707712,102.9362184,7.97787096,352.1811351
30/01/2014 1:00,4.085160268,11.89295111,0.03415852,0.025447252,13.48390545,553.5947062,103.2369899,7.982599715,354.1349425
31/01/2014 1:00,4.117786957,3.914238435,0.034166348,0.025436304,13.40088361,550.4260307,102.68867,8.007501087,360.2273877
01/02/2014 1:00,4.167867409,3.917476091,0.033879227,0.025218455,13.46925668,554.5384411,103.3477876,8.006673,360.169342
02/02/2014 1:00,4.034368409,3.986010273,0.0335955,0.025042136,13.51768368,553.0366461,103.3567776,8.002549364,359.7688724
03/02/2014 1:00,3.93449495,3.9409888,0.03366955,0.0251164,13.49440835,549.4726471,102.9084394,7.9824083,360.2977523
04/02/2014 1:00,3.788996282,11.81635354,0.033300903,0.024869976,13.55346083,548.6518747,102.9625116,8.000320379,352.163745
05/02/2014 0:00,3.7998675,3.671579958,0.033425458,0.024963125,13.63469942,551.6218618,103.6106195,8.016805,360.6245575
06/02/2014 0:00,3.85613975,3.67040575,0.033569833,0.025059833,13.62528071,552.717659,103.6913948,8.010434458,360.7243817
07/02/2014 0:00,3.88645287,3.699973043,0.033646261,0.025110478,13.66114326,554.9771277,104.0486179,8.03915413,359.4139206
08/02/2014 0:00,3.851005417,3.658439708,0.033374958,0.024912292,13.74291775,557.3557332,104.573794,8.038183542,359.3762372
09/02/2014 0:00,3.721469583,3.618595958,0.032717792,0.02444025,13.74063433,553.8256428,104.1995761,8.029131167,359.3158862
10/02/2014 0:00,3.659457724,11.79949335,0.033007187,0.024671276,13.82547812,556.218485,104.6711371,8.002222504,351.9504785
11/02/2014 1:00,3.449433261,3.908796261,0.032809739,0.024572826,13.829722,550.2098309,104.1229749,8.032840826,359.3722522
12/02/2014 1:00,3.374033609,3.941948913,0.032787217,0.024572783,13.85676826,549.2881072,104.1181071,8.014697435,361.368992
13/02/2014 1:00,3.44996013,3.947529565,0.033156435,0.02484,13.96349765,555.5494013,105.1316986,8.024622957,360.011005
14/02/2014 1:00,3.634622174,3.875923087,0.033563304,0.025109087,13.908834,558.3068263,105.2342271,8.035524043,359.3168547
15/02/2014 1:00,3.779712878,11.79692212,0.033903423,0.025331675,13.85506767,560.6207092,105.2296088,8.028247171,348.1672418
16/02/2014 1:00,3.754899478,3.95508187,0.033706652,0.025189174,13.830819,558.3809098,104.976621,7.986324565,361.6431487
17/02/2014 1:00,3.832614331,11.79541877,0.034591113,0.025841129,13.82783529,560.9370142,105.1703334,7.950746016,355.6803928
18/02/2014 0:00,3.868870833,5.048062667,0.034306625,0.025617583,13.79666646,560.1206665,105.0327141,7.882106667,366.7667682
19/02/2014 0:00,3.902767682,4.493621455,0.0346435,0.025853409,13.83365655,562.4543264,105.4047349,8.000152409,364.8324335
20/02/2014 0:00,4.128025467,8.907695576,0.034548149,0.025732227,13.73756512,564.9094643,105.2969561,8.026086902,353.7123181
21/02/2014 0:13,4.166625594,8.994593245,0.034707422,0.025841969,13.73005324,565.6358312,105.3460799,7.996502406,357.7744341
22/02/2014 0:03,4.270805362,9.17120033,0.034853899,0.025920814,13.72268875,568.1271161,105.5763023,7.991002612,357.0258323
23/02/2014 0:02,4.22146572,4.512499409,0.034955548,0.026016011,13.65604349,563.6983918,104.9285317,7.896641796,366.7300711
24/02/2014 0:02,4.265841688,4.470861763,0.035540731,0.026445097,13.65031594,564.6394653,105.0067871,7.944539925,368.290802
25/02/2014 0:02,4.345074005,9.437347091,0.035485535,0.02638016,13.66675853,567.8073548,105.3506979,8.024350834,358.9884862
26/02/2014 0:04,4.322514215,3.986990806,0.035495957,0.026389828,13.62089299,564.8857435,104.9355359,8.026303849,363.6062684
27/02/2014 0:05,4.312260219,4.01511949,0.03541525,0.026337781,13.61176384,564.2364133,104.8369976,8.013744281,364.6088715
28/02/2014 0:05,4.33931174,3.947227688,0.035164271,0.026141521,13.68380693,567.9379126,105.4663681,8.037323917,364.0731983
01/03/2014 0:05,4.311037073,3.836669688,0.0350415,0.026057063,13.65184765,565.8489819,105.1421703,8.055150385,363.5215276
02/03/2014 0:05,4.436558751,8.943707793,0.035062534,0.026035891,13.62228215,568.3518987,105.2585125,8.028889016,357.8752969
03/03/2014 0:12,4.432727958,3.884395656,0.034631563,0.025716104,13.65918411,569.3931077,105.5331393,8.034084448,363.2218148
04/03/2014 0:12,4.409446979,9.026877605,0.034267232,0.025447558,13.62076009,567.5714208,105.1719969,8.026082505,355.8525569
05/03/2014 0:07,4.505044469,3.887174229,0.03439326,0.025513927,13.6590059,571.3098323,105.7300337,7.991898188,363.3100726
06/03/2014 0:07,4.618072968,3.920662925,0.034705624,0.025725108,13.59837528,571.7832595,105.5707565,7.82941872,367.3524682
07/03/2014 0:06,4.578276786,8.952623906,0.036349708,0.026959766,13.60065927,571.2180942,105.4798532,7.810902411,366.093887
08/03/2014 0:02,4.769750256,10.62567298,0.0387779,0.028718955,13.57832613,575.5235233,105.8337662,7.898283799,365.0888411
09/03/2014 0:07,4.656799137,3.738809484,0.038412874,0.028472653,13.51989063,569.499619,105.0688793,7.840425074,373.3995361
10/03/2014 0:07,4.877100625,8.994590057,0.039517849,0.029225797,13.54857604,576.991113,105.8964903,7.869962693,366.8461213
11/03/2014 0:07,4.913617042,4.05358651,0.04007576,0.02962074,13.51831073,576.2761681,105.7585781,7.850965385,370.0049772
12/03/2014 0:07,4.912168104,8.976780834,0.041294808,0.030522601,13.47229905,574.6639872,105.3957645,7.841040295,365.4953977
13/03/2014 0:12,5.034394087,3.869675489,0.041316641,0.030488587,13.46798472,577.317134,105.6941542,7.763827565,372.3553258
14/03/2014 0:13,5.790152604,3.867761427,0.039777865,0.029098969,13.40793173,594.7647514,107.2733713,7.706021177,369.1107127
15/03/2014 0:13,6.500116083,3.880903333,0.038904,0.028229792,13.37808572,612.4799645,108.9779886,7.739294125,364.9797147
16/03/2014 0:13,6.259515115,3.859435563,0.039447469,0.028686052,13.37238781,605.7391789,108.2716666,7.75593149,365.8103393
17/03/2014 0:13,6.416679292,8.93763513,0.040197672,0.029178458,13.32929048,608.4606616,108.3546939,7.746901771,360.0529774
18/03/2014 0:12,7.434594313,3.796150906,0.040151667,0.0287985,13.2609423,632.0761369,110.562873,7.632131396,364.1674668
19/03/2014 0:12,6.559462984,8.937811281,0.040382734,0.029249422,13.21764008,607.1452246,107.8327189,7.625890568,365.3722817
20/03/2014 0:12,7.570835253,3.773684947,0.041064095,0.029370011,13.25720042,635.6212486,110.9099737,7.587729811,368.8880232
21/03/2014 0:12,8.280759391,3.765288761,0.04133362,0.029319989,13.26801922,655.3210847,112.9447932,7.844848185,363.6042583
22/03/2014 0:12,8.623405219,3.739354656,0.041794667,0.029514,13.06507086,654.395382,112.1396313,8.083233479,356.938366
23/03/2014 0:12,8.463812313,3.78575001,0.042025833,0.029721479,12.94585495,644.2026679,110.6884902,7.904152104,359.822292
24/03/2014 0:12,8.086204781,3.859983094,0.041803698,0.029697323,12.96573955,635.1901334,109.8444797,7.952260458,362.049275
25/03/2014 0:12,7.748008573,3.851293052,0.041657406,0.029713854,12.95192703,625.6006826,108.8242354,8.123857583,360.9584166
26/03/2014 0:13,7.553742615,3.831884719,0.041617729,0.029752281,12.8769341,616.8962841,107.6785657,7.894048333,364.229407
27/03/2014 0:13,7.502178717,3.799603315,0.041727391,0.029845946,12.92088028,617.6515815,107.9094915,7.818978576,365.4989587
28/03/2014 0:13,6.945107953,8.934177373,0.042264777,0.030421021,12.8153138,598.6290891,105.5669608,7.722570212,363.4293139
29/03/2014 0:07,6.648017208,3.857107198,0.041753135,0.030175104,12.76424023,588.1351058,104.3620425,7.74268274,371.5591348
30/03/2014 0:07,6.722097787,3.917889128,0.041160617,0.029731723,12.78539999,591.0425902,104.7310255,7.688880457,374.4256997
31/03/2014 0:08,6.729024632,8.969739306,0.041239104,0.029782482,12.7584479,590.407175,104.5324725,7.713924591,370.2972938
01/04/2014 0:10,7.084696872,3.71621066,0.041466691,0.029814755,12.91499189,606.4420588,106.7513533,7.849488926,371.4962859
02/04/2014 0:10,7.166581542,3.675113781,0.04165925,0.029915906,12.84787979,605.40164,106.4117676,7.749102167,371.0503464
03/04/2014 0:10,7.139795667,3.693345698,0.041718875,0.029969063,12.89143667,606.7607962,106.7015871,7.867613698,373.5656996
04/04/2014 0:11,7.107785312,8.357768974,0.041501857,0.029832608,12.89205513,606.370402,106.62641,8.021203672,367.2140057
05/04/2014 0:02,7.546019245,3.189029291,0.041540918,0.0297024,12.93350819,619.355198,108.131153,7.909067618,367.627222
06/04/2014 0:07,7.876108754,4.097971368,0.041972053,0.029882,12.90898479,626.9278083,108.8061859,7.691277421,372.7320852
07/04/2014 7:01,8.722286129,9.079475375,0.042778158,0.030113281,12.99205809,654.7455754,111.872647,7.881723109,361.7601676
08/04/2014 0:02,10.02388744,3.815629656,0.043428711,0.030114278,13.25764544,702.3191115,117.6647037,7.725882611,359.2569875
09/04/2014 0:10,7.721492078,12.92104215,0.043660787,0.031078927,12.72198204,615.1094452,106.8800848,7.095619632,435.9577365
10/04/2014 0:00,9.089558055,5.003561379,0.043834047,0.030688445,12.89051811,670.3747237,111.9594752,7.299634489,453.1150724
11/04/2014 0:14,9.624014362,3.747592383,0.044564777,0.030968128,12.12572284,691.436763,106.6269449,7.377924638,415.025861
12/04/2014 0:14,7.845492756,9.807585594,0.04311,0.030659094,11.5831742,614.9297852,97.58918736,6.9790781,401.1727405
13/04/2014 9:02,10.4297601,3.8559841,0.043755133,0.030187117,11.8333855,696.0938925,106.0300456,7.3567112,368.1337357
14/04/2014 0:02,9.192711347,9.384772549,0.043779969,0.030630212,11.61738109,652.5744,101.1994849,7.181928518,367.3864838
15/04/2014 0:14,9.374132827,9.288675434,0.044364485,0.030931526,11.63366416,658.354149,101.7952871,7.189601143,362.8096328
16/04/2014 0:00,9.617551726,9.595027059,0.045165973,0.031343129,11.54272775,659.4543178,101.5735824,7.158198473,364.0555228
17/04/2014 0:04,10.06997052,9.322977947,0.045628513,0.031484016,11.39387542,662.406107,101.330744,7.168390947,361.8212024
18/04/2014 0:04,10.60930736,9.336524245,0.045986444,0.031485699,11.13038602,659.7329286,100.1633412,7.138161015,362.0488588
19/04/2014 0:04,10.72474398,9.318646306,0.046379128,0.031670531,11.091577,659.9252444,100.0506545,7.117404469,363.423928
20/04/2014 0:04,11.59349439,9.325957536,0.047439423,0.031971265,10.74581245,659.1897876,98.77652982,7.154340883,360.2784682
21/04/2014 0:05,10.51413757,9.290729668,0.047463372,0.032376531,10.80936978,637.5457969,96.97818324,7.03103676,373.6282417
22/04/2014 0:04,11.0510008,9.456984464,0.047556432,0.032259052,10.62728529,639.6540724,96.53545368,7.078567536,372.576455
23/04/2014 0:04,10.97986443,9.436004673,0.047326281,0.032156128,10.47859893,628.9400053,95.02120581,7.063222724,374.9756111
24/04/2014 0:04,10.80641624,9.439413796,0.047286515,0.03219999,10.40926133,620.784308,94.02193736,7.040682056,382.1343941
25/04/2014 0:04,10.21437535,12.91510058,0.046603345,0.031984261,10.5016094,612.6092659,93.56184209,6.964933199,387.3816183
26/04/2014 0:09,11.10796596,9.324977255,0.047763133,0.032387097,10.33753483,624.0388137,94.06982662,7.062366097,385.5126128
27/04/2014 0:09,11.13655661,9.377288005,0.047812658,0.032402163,10.31845779,623.6704715,93.96822531,7.047207561,388.1420827
28/04/2014 0:09,11.1732374,9.362148541,0.04732274,0.032084449,10.24037522,619.8664632,93.34150503,7.031323811,389.9888193
29/04/2014 0:09,11.26398417,9.25241601,0.047312097,0.032038602,10.20764045,620.2618022,93.26696476,7.018766061,392.5243085
30/04/2014 0:09,11.01445662,9.273649628,0.046406526,0.031581077,10.10353053,607.946215,91.76056452,6.952553679,400.34056
01/05/2014 0:04,11.47715662,9.297714801,0.047347526,0.031979781,10.1176641,619.9564604,92.93065916,6.983242862,397.0980094
02/05/2014 0:00,11.14011162,9.28481169,0.046691457,0.031727904,10.09236332,610.5077196,91.96042858,6.942755071,406.7804359
03/05/2014 0:00,11.41938337,9.384980513,0.046894713,0.031776995,10.06756405,615.7618392,92.36094746,6.974595123,407.111885
04/05/2014 0:01,11.48991135,9.349702944,0.047016811,0.031811918,10.04692141,616.2890335,92.34005404,6.96214224,413.2083964
05/05/2014 0:14,11.7696867,9.414636742,0.047839201,0.032186603,10.01069608,620.8104988,92.6380237,6.966488294,417.9772031
06/05/2014 0:14,12.09053626,9.287523301,0.048853679,0.032652474,10.0315147,629.5833918,93.53068608,7.013008189,416.3429095
07/05/2014 0:14,12.54233577,9.405976927,0.049795967,0.033024748,9.927966325,634.0096954,93.58487818,7.024169862,418.5610932
08/05/2014 0:12,11.60396158,9.235150169,0.048126856,0.0324158,9.830991954,606.2957313,90.66031508,6.920405108,432.7982148
09/05/2014 0:11,11.81876586,9.276412909,0.048182107,0.032359645,9.828575893,611.241572,91.11372726,6.934182548,435.9542568
10/05/2014 0:11,13.16761857,9.283601401,0.050806807,0.033325503,9.926835711,649.0195821,94.99962877,7.082430041,423.085055
11/05/2014 0:11,13.67524147,9.264647929,0.051883772,0.033732492,9.755411548,649.1493366,94.43094056,7.075269701,427.2619898
12/05/2014 0:11,13.47579584,9.255536929,0.051466133,0.033558561,9.635675046,636.6642201,92.85032341,7.05264252,441.8849454
13/05/2014 0:10,12.77192357,9.271741881,0.049738244,0.032880187,9.529787104,613.6166914,90.3160389,6.961451606,458.5436483
14/05/2014 0:09,12.29670676,9.945423389,0.048887577,0.032637669,9.516973091,602.7744448,89.2409292,6.933410069,479.2753737
15/05/2014 0:01,12.11003128,9.381372807,0.048261259,0.032351807,9.414596401,591.5628743,87.83805182,6.865265574,496.0509994
16/05/2014 0:00,11.99339212,9.315358371,0.048623751,0.03262331,9.338313858,584.4462042,86.91049584,6.887002294,503.5920976
17/05/2014 0:01,12.11621033,9.283670772,0.049046934,0.032818873,9.333462472,586.9276098,87.12377388,6.925157269,507.9637086
18/05/2014 0:01,11.93510182,11.29775307,0.049510322,0.033137035,9.245499717,578.8199142,86.06158334,6.915997934,503.0340734
19/05/2014 0:11,15.48179646,3.212379602,0.054076888,0.034409622,9.704235367,682.6567495,97.38681112,7.283148633,482.6275448
20/05/2014 0:14,15.36663834,4.106680344,0.054264375,0.034560844,9.580470198,671.5416304,95.90914821,7.256419896,490.7939145
21/05/2014 0:14,13.46070811,9.411892594,0.051929609,0.033948442,9.310080756,615.0167126,89.66512822,7.113481294,504.9934626
22/05/2014 0:03,14.5897053,3.948856957,0.052999468,0.034161426,9.545352468,652.0703502,93.96076043,7.229871085,476.9780625
23/05/2014 0:00,12.13945955,13.23499094,0.04900683,0.032747721,9.072520454,572.7629658,84.8722723,6.981327009,422.6500983
24/05/2014 0:00,11.56006767,13.19044939,0.048728596,0.032811783,8.772497235,542.2772193,80.99333711,6.850792057,437.3986489
25/05/2014 0:00,11.70978951,12.96152669,0.048944949,0.032876771,8.846776644,550.0441135,81.97539953,6.885503941,448.2347254
26/05/2014 9:00,14.815547,3.613763,0.052096,0.033574,9.857629,678.4729,97.513054,7.368008,431.831177
27/05/2014 15:00,11.70272074,13.30449049,0.049299469,0.033099513,8.619375673,536.3706243,79.9128216,6.841284549,436.5344025
28/05/2014 0:00,12.08528902,12.31773155,0.049574344,0.033120758,8.829105328,557.510823,82.61503832,6.924067719,448.1495845
29/05/2014 0:00,12.05099442,12.43373114,0.04947263,0.033068008,8.859344244,559.3542485,82.89125265,6.929874984,455.7898723
30/05/2014 0:00,11.98963891,12.25919957,0.049583157,0.033162126,8.77240578,552.4071461,81.94285466,6.909048488,452.4067491
31/05/2014 0:00,11.74408415,12.34124679,0.049210535,0.033045575,8.580122165,535.048045,79.655878,6.830044921,465.4667853
01/06/2014 0:00,11.65592413,12.35524033,0.049248732,0.033096331,8.450230787,525.3770502,78.30300725,6.827864236,478.1766732
02/06/2014 0:00,11.96352546,12.29898172,0.049734614,0.033273496,8.604546008,541.1869567,80.31068228,6.801291559,479.1996914
03/06/2014 0:00,12.55829677,12.2716619,0.050397641,0.033425109,8.834011703,569.3487625,83.73916401,6.910580492,471.9411881
04/06/2014 0:00,12.95786535,12.31053682,0.05079378,0.033482543,8.826525331,578.3826117,84.56176724,7.001999181,453.1724229
05/06/2014 0:00,12.59898114,12.34758987,0.050572669,0.033497528,8.561123118,554.1622224,81.38221389,6.863217575,463.971412
06/06/2014 0:00,13.08840046,12.32384804,0.050875685,0.033460079,8.686928118,572.5308895,83.534773,6.987456551,459.9885122
07/06/2014 0:00,13.3443745,12.31501071,0.051244134,0.033574354,8.481009213,565.2318079,82.14340238,6.991136693,459.7927919
08/06/2014 0:00,17.40080342,4.149869708,0.056718167,0.03508525,9.708199875,726.0782241,101.4990803,7.291091208,441.1804542
09/06/2014 0:00,17.95296229,4.101503417,0.057519958,0.035284458,9.745370958,741.2519812,103.0664428,7.399920958,433.5405629
10/06/2014 0:00,13.23518272,12.63391352,0.051244675,0.033619862,7.875642951,524.2539154,76.22698738,6.652074846,481.1975921
11/06/2014 1:00,13.32379928,12.37089025,0.051120781,0.033532922,7.859942609,524.0011544,76.1434045,6.675328,486.4882028
12/06/2014 0:00,13.04134779,13.309477,0.051191409,0.033676296,7.717289026,509.2204711,74.27017243,6.711615809,479.6603864
13/06/2014 0:00,NAN,NAN,NAN,NAN,NAN,NAN,NAN,NAN,NAN
14/06/2014 0:00,NAN,NAN,NAN,NAN,NAN,NAN,NAN,NAN,NAN
15/06/2014 0:00,NAN,NAN,NAN,NAN,NAN,NAN,NAN,NAN,NAN
16/06/2014 0:00,NAN,NAN,NAN,NAN,NAN,NAN,NAN,NAN,NAN
17/06/2014 0:00,NAN,NAN,NAN,NAN,NAN,NAN,NAN,NAN,NAN
18/06/2014 0:00,NAN,NAN,NAN,NAN,NAN,NAN,NAN,NAN,NAN
19/06/2014 0:00,NAN,NAN,NAN,NAN,NAN,NAN,NAN,NAN,NAN
20/06/2014 0:00,NAN,NAN,NAN,NAN,NAN,NAN,NAN,NAN,NAN
21/06/2014 0:00,NAN,NAN,NAN,NAN,NAN,NAN,NAN,NAN,NAN
22/06/2014 0:00,NAN,NAN,NAN,NAN,NAN,NAN,NAN,NAN,NAN
23/06/2014 0:00,NAN,NAN,NAN,NAN,NAN,NAN,NAN,NAN,NAN
24/06/2014 13:00,18.44449923,5.727763455,0.060328852,0.036483541,9.219125282,718.7060891,99.1722956,7.345936745,405.5859174
25/06/2014 0:00,18.54796558,4.980302624,0.060395534,0.036497241,9.22354529,718.1510439,99.13128356,7.303979543,401.7184306
26/06/2014 0:00,NAN,NAN,NAN,NAN,NAN,NAN,NAN,NAN,NAN
27/06/2014 5:00,14.73887338,11.56693025,0.055189346,0.035218423,7.497946731,533.3755365,75.81162921,6.574459638,435.9217072
28/06/2014 0:00,15.34589307,11.87497065,0.056037634,0.035402976,7.682017911,560.0920666,78.96313601,6.745460797,415.915476
29/06/2014 0:00,15.10093837,11.90703989,0.055954504,0.035478756,7.310201602,530.6955475,74.92705298,6.637100715,415.6687114
30/06/2014 0:00,14.96647304,11.96990828,0.055936418,0.035526205,7.108336246,515.0753398,72.76880052,6.592854303,416.9340898
01/07/2014 0:00,15.41396076,11.88950957,0.056526585,0.035640024,7.241415407,533.0589853,74.92308848,6.653974959,414.2272036
02/07/2014 0:00,14.70325797,11.87681948,0.055593724,0.035469415,6.732239366,480.1210395,68.18207999,6.469851203,426.0676113
03/07/2014 0:00,14.76020362,11.34920308,0.055459447,0.035398766,6.650073631,470.499342,66.98602408,6.463824411,435.0575728
04/07/2014 0:00,15.12684989,11.92921025,0.056052902,0.035558189,7.17530823,518.5788278,73.3103245,6.608017033,429.0541217
05/07/2014 0:00,15.19522787,11.89293083,0.056250423,0.035617577,6.950510187,508.5868213,71.61180862,6.601337813,428.4356707
06/07/2014 0:00,15.24689674,12.43051002,0.056424896,0.03568353,6.959506278,511.1557004,71.88445537,6.629304974,425.8740596
07/07/2014 0:00,15.18818551,11.8577473,0.056378724,0.035691585,6.733188146,493.2583367,69.43206447,6.539921854,425.325702
08/07/2014 0:00,15.29013867,11.80597488,0.05659296,0.035783863,6.783583984,498.3415424,70.07993523,6.56565225,428.1582588
09/07/2014 0:00,15.1406265,11.8822955,0.056390323,0.035731944,6.497942226,472.3302164,66.64765356,6.518977573,432.8126122
10/07/2014 0:00,15.04620216,11.81610917,0.05617779,0.035658097,6.589103129,478.3118185,67.51889889,6.553259895,436.4379937
11/07/2014 0:00,14.91917912,11.80907681,0.056028274,0.035642919,6.524377694,471.2886342,66.63365324,6.541341984,441.6564378
12/07/2014 0:00,14.9637624,11.79548459,0.056203024,0.035733242,6.71038029,484.8108317,68.53540215,6.539392637,443.598403
13/07/2014 0:00,15.0553249,12.12557281,0.056454235,0.035831891,6.765223286,489.2649919,69.14288571,6.529290605,442.1604071
14/07/2014 0:00,15.13527818,11.88461784,0.056560189,0.035848008,6.888209164,502.0512401,70.76980648,6.545567352,449.0531876
15/07/2014 0:00,17.31083091,8.33485614,0.059671586,0.036652597,8.244242207,618.2630276,86.32423491,6.678996119,452.8362748
16/07/2014 0:00,17.79243815,7.330297939,0.060444313,0.036858284,8.561171519,648.5573421,90.26654734,6.72669001,451.455056
17/07/2014 0:01,16.91836568,8.935901041,0.059371808,0.036579249,7.777560104,599.5115168,83.01862431,6.839939933,439.4014802
18/07/2014 0:05,17.93149802,7.789256957,0.06091957,0.036915505,7.857109887,627.1097185,85.92396345,6.986995704,432.5750291
19/07/2014 0:06,18.05848424,8.432008093,0.061345927,0.037065596,7.58366014,611.346108,83.51514646,6.977620788,428.8408029
20/07/2014 0:05,17.93256354,9.310172754,0.060801168,0.036852445,7.655320115,610.4981938,83.65863757,7.012709681,433.9460309
21/07/2014 0:05,17.47514202,9.370768481,0.060616265,0.036973566,7.360093434,580.1625709,79.78320524,6.879584693,444.5763073
22/07/2014 0:02,16.71871544,9.973732624,0.0589092,0.036366935,6.777067129,531.1980458,72.27440514,6.653194206,455.9697244
23/07/2014 0:00,17.50733715,9.261593724,0.059340492,0.036287641,6.677028638,561.5793678,72.63411276,6.47699847,400.292717
24/07/2014 0:06,20.1690776,4.010056198,0.063202333,0.037257365,8.817137094,759.3712368,97.5081259,6.93247625,384.906688
25/07/2014 0:06,19.94552231,4.016413698,0.062779823,0.037143563,8.67635125,742.5356292,95.52631695,6.803172083,397.2796179
26/07/2014 0:07,17.74248538,8.559306358,0.059997699,0.036552959,6.907105135,582.5655307,75.28079237,6.518478269,405.1002566
27/07/2014 0:05,18.0923416,8.553530302,0.060811766,0.036804193,7.030650635,601.2089987,77.36929899,6.672226833,400.6248785
28/07/2014 0:04,18.13735882,8.672131518,0.060824078,0.036793601,6.896792658,592.2158556,76.11561075,6.620773751,405.8036679
29/07/2014 0:05,17.55973265,9.241257193,0.059656112,0.036434528,6.39409464,541.43282,69.87494032,6.409748484,427.9961737
30/07/2014 0:12,17.91668643,8.522079728,0.060433239,0.036699777,6.870640842,581.6599245,75.07802924,6.565799908,429.4697419
31/07/2014 0:12,14.01404187,14.27669016,0.05531516,0.035678729,3.298664078,241.4673957,32.65301647,5.735017676,463.0523999
01/08/2014 0:00,13.15975145,14.66116509,0.054403953,0.035551789,2.463668726,171.3091522,23.58162107,5.583806409,471.4056209
02/08/2014 0:00,14.54151465,13.30893125,0.056122542,0.035862732,3.522653036,272.7715565,36.21192972,5.847787968,469.0901017
03/08/2014 0:13,18.53292812,8.379149071,0.061930951,0.037187689,6.740029863,586.9842855,75.12624492,6.691277645,436.6597132
04/08/2014 0:12,11.67377767,19.74261374,0.052492726,0.035034025,0.883107844,68.09423491,9.055592817,5.415035822,477.1385016
05/08/2014 0:00,13.55662422,16.55601255,0.054671447,0.035406042,2.427056562,204.9288411,26.47611138,5.749286584,457.9210321
06/08/2014 0:12,18.72549352,8.418709276,0.062656365,0.037464989,6.775744403,596.5473415,76.10362947,6.870677304,434.8668511
07/08/2014 0:12,18.58148616,8.334351757,0.062717541,0.037570281,6.681479416,585.0970625,74.76008002,6.771692649,440.1229154
08/08/2014 0:13,19.13704418,8.400266609,0.063652321,0.037767804,6.847591902,614.2513856,77.93225526,6.981470582,420.5337498
09/08/2014 0:12,19.19610035,8.408750739,0.063780391,0.037811902,6.69256681,602.084464,76.3261394,6.93593388,423.712676
10/08/2014 0:12,19.68860412,8.547411751,0.064599897,0.037963832,6.817104141,624.0258354,78.70861314,7.114427714,401.8592141
11/08/2014 0:12,19.56585552,8.531375897,0.064581185,0.038037712,6.594107283,602.1600767,76.00883374,6.957981842,418.7427325
12/08/2014 0:12,19.74424378,8.440968376,0.064424221,0.037862282,6.723902536,614.5566736,77.54803335,7.118232812,414.4925005
13/08/2014 0:12,19.40751271,8.351157837,0.064350353,0.038019266,6.431149418,584.625108,73.88951483,7.005380234,422.8357146
14/08/2014 0:12,19.23792488,8.338171951,0.06415162,0.038001337,6.295879049,565.2352937,71.69718665,6.760180082,453.0418972
15/08/2014 0:12,18.85175805,8.288913202,0.063383,0.037818137,5.976258164,529.4087882,67.4148459,6.482001098,488.5708895
16/08/2014 0:13,18.45293427,8.333250481,0.062545124,0.037563281,5.812783416,508.795411,65.01922175,6.428718173,507.5135566
17/08/2014 0:13,18.43866147,8.499430308,0.062633265,0.037631924,5.978579838,520.5306514,66.62087768,6.410924865,523.3438338
18/08/2014 0:12,18.13404949,8.485933065,0.062368326,0.037625989,5.701024609,494.4086901,63.35110408,6.315549103,541.8535352
19/08/2014 0:12,18.56731874,7.643366401,0.062985635,0.037754178,6.096708315,533.3138258,68.16821514,6.433031898,532.5416156
20/08/2014 0:04,17.99076718,8.697498576,0.062607565,0.037814386,5.348265543,464.5662886,59.50024959,6.311351098,539.2906569
21/08/2014 0:08,18.30479018,8.487832758,0.063558319,0.038158654,5.675920714,498.3162119,63.61464685,6.568149758,430.0905282
22/08/2014 0:10,18.07816843,8.234704622,0.063530843,0.038260638,5.46823873,476.301203,60.95049731,6.421308643,443.557393
23/08/2014 0:13,18.33920293,7.736288049,0.064153881,0.038461535,5.651619508,495.438827,63.28374032,6.514934632,442.0197589
24/08/2014 0:13,18.50023555,7.112322206,0.064554165,0.03859018,6.130026273,539.4346667,68.82852077,6.730644428,435.199146
25/08/2014 0:02,18.43759449,7.528155699,0.064281054,0.03846886,6.146127946,540.5317939,68.97872818,6.756328629,423.1022701
26/08/2014 0:13,18.53607208,7.57578937,0.064402201,0.038498549,6.378384837,561.7438638,71.65591988,6.799781446,420.4785781
27/08/2014 0:13,18.71684349,7.544242989,0.064871632,0.038661151,6.464306481,572.4389612,72.90292258,6.805499259,439.4099452
28/08/2014 0:13,21.06203898,4.630969393,0.067928609,0.039150289,8.754922862,784.6261512,99.57288537,7.455710661,412.444011
29/08/2014 0:11,21.30304614,3.926018393,0.068352821,0.039250929,8.768726714,779.7823465,99.18096543,7.096616786,437.8824419
30/08/2014 8:50,17.41756235,9.323159536,0.063465318,0.038598629,4.78970396,414.2313039,53.11739072,6.259253073,464.0233877
31/08/2014 0:13,18.30596478,7.607560274,0.064745472,0.038827401,6.157791711,537.4425961,68.73678504,6.70130769,462.4571516
01/09/2014 0:14,17.83852298,9.042099521,0.064533994,0.03897146,5.943591356,518.5213797,66.31906355,6.729271583,410.139664
02/09/2014 0:14,NAN,NAN,NAN,NAN,NAN,NAN,NAN,NAN,NAN
03/09/2014 0:14,NAN,NAN,NAN,NAN,NAN,NAN,NAN,NAN,NAN
04/09/2014 20:47,21.81117315,4.082876385,0.070203308,0.039896231,9.199534923,829.5573684,105.0855982,7.328606385,381.3371089
05/09/2014 0:02,18.79669905,8.328654957,0.066451575,0.03948364,6.150152065,552.5488119,70.06705839,6.818406849,399.9116278
06/09/2014 0:13,18.71911379,8.326075108,0.066179622,0.039373146,5.963797103,533.9985959,67.78219412,6.755060881,432.9930563
07/09/2014 0:13,18.7283941,8.336660108,0.066682795,0.039643276,5.912212086,530.5591727,67.29953002,6.799960092,406.0925911
08/09/2014 0:13,18.74176037,8.341887319,0.067064162,0.039870422,5.911547189,531.1805311,67.35670628,6.821583481,356.7871918
09/09/2014 0:13,18.32745796,8.340982978,0.06566247,0.039320941,5.047834195,444.9244604,56.73514162,6.33673833,418.8364698
10/09/2014 0:13,18.22518799,8.338481859,0.065591152,0.039346125,5.106766946,448.0070897,57.20299117,6.401374147,421.9803543
11/09/2014 0:12,18.62682666,8.356522598,0.066378707,0.039548788,6.355634326,564.3009244,71.80339555,7.022118413,373.1863609
12/09/2014 0:13,18.70099617,8.346677373,0.066892643,0.039780503,6.590441303,588.0717181,74.7196813,7.199795816,333.941084
13/09/2014 0:13,18.44618626,8.345140259,0.067035146,0.040048843,6.194731941,549.687035,69.96191183,6.877416784,338.6512036
14/09/2014 0:13,18.48178589,8.343657508,0.066733416,0.039831086,6.08253747,540.0443625,68.71982315,6.891312357,355.3466172
15/09/2014 0:13,18.3276528,8.357155205,0.066695978,0.039930865,5.898777162,520.9709419,66.39298821,6.760287189,345.5875632
16/09/2014 0:13,18.06934432,8.346508497,0.066130038,0.039768638,5.749155541,502.7847727,64.26208478,6.778187757,344.167305
17/09/2014 0:13,18.12732494,8.310275481,0.0666266,0.040020681,5.925766022,517.6483806,66.18352906,6.776321422,337.9251559
18/09/2014 0:13,17.8696345,8.32956681,0.066583125,0.04015694,5.669368386,491.7089761,63.00241047,6.604961342,348.5758781
19/09/2014 0:12,17.77316373,7.635530005,0.066308033,0.040062283,5.704670348,491.3157778,63.09034997,6.541786598,357.4473061
20/09/2014 0:12,17.49422218,7.780216086,0.065861081,0.039944746,5.50886033,470.2228542,60.53882784,6.420059184,372.5598703
21/09/2014 0:13,17.34697295,8.288097481,0.065876135,0.040050022,5.478176622,463.3715729,59.81681092,6.398708276,374.6579957
22/09/2014 0:13,17.08655287,8.293728616,0.065521032,0.040017389,5.287917865,443.6363121,57.41182184,6.353396605,372.9284977
23/09/2014 0:13,17.11486822,8.279113919,0.064897,0.039631016,5.478760054,457.7492595,59.31207869,6.367700714,385.9825485
24/09/2014 0:13,16.9639191,8.322960292,0.065444216,0.040043124,5.225273346,435.225417,56.44700994,6.292370032,379.6559474
25/09/2014 0:13,17.135312,7.781805122,0.064486207,0.039412549,5.863610951,482.5818208,62.81803187,6.368941329,373.6445516
26/09/2014 10:26,16.13341398,9.032631673,0.064605912,0.040042013,5.033750849,408.7198735,53.4288783,6.256878906,353.5395362
27/09/2014 0:09,16.31791936,8.322392368,0.06473107,0.039998135,5.258917627,425.8204533,55.71403077,6.24112053,385.431786
28/09/2014 0:10,16.3932077,8.16138468,0.063971122,0.039494055,5.454174271,439.624473,57.60125155,6.261637276,398.9860567
29/09/2014 0:10,16.34597659,8.135156326,0.064343718,0.039728182,5.472288812,440.1546607,57.71005938,6.193067994,396.1598549
30/09/2014 0:10,16.40801265,7.975528915,0.062340867,0.038590339,5.724906158,461.5465642,60.47300561,6.085476297,439.8651741
01/10/2014 16:04,17.75131731,3.894955125,0.062512594,0.037947563,7.706423469,618.2942544,81.14326613,6.338258938,389.1096067
02/10/2014 0:04,16.34035527,7.947023661,0.06293024,0.038991874,5.870770557,468.9575355,61.62588705,6.177502251,327.0159296
03/10/2014 0:11,16.64362964,7.22149123,0.063530584,0.039170899,6.288485736,510.1359021,66.71735806,6.279436904,328.4545719
04/10/2014 0:10,16.59263623,7.272165762,0.063131298,0.038952398,6.70202337,541.4381579,70.90348362,6.405433508,331.123203
05/10/2014 0:10,16.35803059,8.072050812,0.063382193,0.039233133,6.256810845,501.9391877,65.87089155,6.27219905,330.8473009
06/10/2014 0:10,16.4443704,7.950513436,0.062471251,0.038654838,6.811134095,543.0684468,71.40270585,6.362972894,350.3620341
07/10/2014 0:10,16.32565223,7.876978122,0.062768037,0.038889354,6.806723713,542.5836398,71.34919845,6.39693461,349.2086966
08/10/2014 0:11,16.27205826,8.083432918,0.062899141,0.038978447,6.802278541,541.3532661,71.22211188,6.352128447,351.6933141
09/10/2014 0:09,17.42984858,4.892339604,0.0621695,0.037914917,8.892937281,706.5097408,93.00311059,6.579240563,438.9306599
10/10/2014 0:10,17.35123728,4.902738444,0.062689,0.038222611,8.794400889,696.9997762,91.82222111,6.513905389,439.6302524
11/10/2014 0:10,NAN,NAN,NAN,NAN,NAN,NAN,NAN,NAN,NAN
12/10/2014 0:10,NAN,NAN,NAN,NAN,NAN,NAN,NAN,NAN,NAN
13/10/2014 0:10,NAN,NAN,NAN,NAN,NAN,NAN,NAN,NAN,NAN
14/10/2014 12:34,14.96653974,10.03011896,0.063370652,0.03994813,5.700098196,441.3452033,58.58391609,6.261818239,313.4960102
15/10/2014 0:02,16.10244827,4.723714108,0.061248415,0.038089408,8.2671951,635.0041948,84.52418844,6.439180338,424.3167135
16/10/2014 0:27,15.54995536,7.693484221,0.06152504,0.038555168,7.090707725,544.3546736,72.46196466,6.317612799,360.8059584
17/10/2014 0:10,15.56075313,7.866798032,0.061465197,0.038523822,7.258463089,557.6059755,74.20748468,6.327183554,369.7725099
18/10/2014 0:10,15.55311792,7.824254503,0.06154693,0.038578357,7.37207,565.7769897,75.32024563,6.354087987,366.8649138
19/10/2014 0:10,15.54878959,7.360316714,0.061433883,0.038494539,7.399450312,567.099247,75.44321764,6.298658084,375.7258121
20/10/2014 0:10,15.2835902,7.42693852,0.061596953,0.038758169,7.416207209,562.9740353,75.22263952,6.309007784,367.7174932
21/10/2014 0:10,15.09494623,8.65068273,0.061261056,0.038672087,7.179648817,544.6393484,72.78548346,6.388101254,339.1367127
22/10/2014 0:10,NAN,NAN,NAN,NAN,NAN,NAN,NAN,NAN,NAN
23/10/2014 7:39,14.96912999,8.519129746,0.060695915,0.038410415,7.299249021,549.10846,73.58486036,6.366996134,349.1960047
24/10/2014 0:09,14.84072735,8.140287199,0.060980565,0.03863772,7.277079062,544.685582,73.12237847,6.320917683,349.7058262
25/10/2014 0:11,14.81346913,7.693019448,0.06060182,0.038423831,7.42637807,553.6424198,74.42805626,6.321973506,361.4260635
26/10/2014 0:11,14.74609489,7.850369006,0.0605867,0.038450806,7.515815029,559.0631848,75.21226845,6.337634506,366.1682681
27/10/2014 0:08,14.73180082,7.691427212,0.060865047,0.038624265,7.525226053,559.036554,75.24073582,6.295972947,368.2876243
28/10/2014 0:10,14.63903906,7.714278144,0.060803897,0.038637075,7.455247506,552.3839767,74.4191477,6.329375,363.3420614
29/10/2014 0:12,14.57675207,7.975479154,0.06060816,0.038556675,7.357423237,544.1346349,73.35013056,6.310832207,365.6050066
30/10/2014 0:10,14.49460734,7.806642549,0.060442143,0.038495709,7.630540829,561.7728297,75.84526293,6.346223034,361.2587483
31/10/2014 0:10,14.45078989,7.772553636,0.060506561,0.038566416,7.401287162,544.5707673,73.53381722,6.300713202,365.0512175
01/11/2014 0:10,14.40948611,7.763091943,0.060098557,0.03834196,7.654395224,561.8476312,75.93391803,6.360240816,367.8072223
02/11/2014 0:11,14.34709038,7.940876235,0.060325606,0.038517071,7.530131859,551.6132163,74.60282755,6.356152265,363.7984706
03/11/2014 0:10,14.19824566,7.927228628,0.059193651,0.037934936,7.895350448,574.0241213,77.83341303,6.461247023,362.6911531
04/11/2014 0:10,13.9077821,8.055607342,0.058491149,0.037665646,8.370764255,599.7857276,81.7367967,6.477992975,364.0527524
05/11/2014 0:10,13.6533806,7.775982959,0.058144605,0.037567994,8.283963186,586.8147586,80.29539402,6.41647336,379.4970492
06/11/2014 0:10,13.3001006,7.79539687,0.058257701,0.03781065,7.891022938,552.1252108,75.88697629,6.371738333,369.4482656
07/11/2014 0:12,13.08981656,7.684261989,0.057634783,0.037535817,8.066419291,559.5724632,77.14717442,6.36611412,375.0741474
08/11/2014 0:12,12.87893672,7.682526351,0.057102805,0.037317322,7.985364971,549.5758114,75.9885071,6.339702747,372.5296403
09/11/2014 0:12,12.56320613,7.734588058,0.057274052,0.037589618,7.752779746,527.7757337,73.26799117,6.295185012,372.7909212
10/11/2014 0:12,12.2855683,7.761019124,0.05660984,0.037317485,7.77291787,523.4908264,72.96460628,6.26337429,394.9581792
11/11/2014 0:11,12.04755698,7.675806337,0.055988994,0.037053715,7.672936017,512.2428471,71.63251042,6.268148843,398.9558104
12/11/2014 0:03,11.8133248,7.586621772,0.054552701,0.036273868,8.615835228,568.0308946,79.79863678,6.327135617,428.4267539
13/11/2014 0:13,11.78937102,3.937234697,0.054737809,0.036395388,8.837261404,580.88271,81.71697189,6.243809792,459.4819155
14/11/2014 0:09,11.71385966,3.875256637,0.054158508,0.03608052,8.97318257,588.1653981,82.83004988,6.340888693,455.8049025
15/11/2014 0:11,11.36839858,3.91754658,0.053525757,0.035857746,9.278940077,600.4424624,84.97403436,6.34887884,453.2876673
16/11/2014 0:11,10.98002174,3.941003725,0.052729904,0.035552551,9.613939764,613.129495,87.25505589,6.360390848,455.5755503
17/11/2014 0:11,10.6857606,3.924274659,0.051996921,0.035242794,9.851802643,621.329212,88.80432833,6.332352246,457.139469
18/11/2014 0:00,10.47900295,3.940834558,0.051377084,0.034942716,9.919362105,620.6419749,88.98335703,6.276460568,457.513793
19/11/2014 0:06,10.27647849,3.985068617,0.051232883,0.034950926,9.941907479,617.2085331,88.76227846,6.191802553,460.1921367
20/11/2014 0:06,9.514269066,8.022266046,0.045736882,0.031659763,10.39021884,625.4089059,91.01983028,6.998590717,421.3941114
21/11/2014 0:13,9.461133341,7.695812447,0.045864207,0.031780637,10.38068185,623.7482457,90.8429575,7.279359151,461.289391
22/11/2014 0:07,9.432676078,7.603065132,0.045843054,0.031772659,10.44337925,626.9160997,91.33809332,7.28906191,464.0351279
23/11/2014 0:03,9.401379388,7.675209782,0.045366988,0.031483661,10.48453794,628.7160744,91.64331418,7.281673527,458.6213083
24/11/2014 0:08,9.881834727,3.950267964,0.049411373,0.033969614,10.36871898,633.9147181,91.71700242,7.333136914,469.0299478
25/11/2014 0:10,9.989982721,3.932860305,0.049756498,0.03414094,10.49660272,644.486195,93.08815562,7.384322335,460.8230437
26/11/2014 0:00,10.088875,3.829875,0.049474125,0.03391775,10725,661.01125,95.332625,7.4682875,351.7675
27/11/2014 0:00,NAN,NAN,NAN,NAN,NAN,NAN,NAN,NAN,NAN
28/11/2014 2:18,9.825360677,-8.764696615,0.049312932,0.033931612,10.72397135,654.1528125,94.73265625,7.380222656,390.0528906
29/11/2014 9:05,9.612688889,-8.776147222,0.048230306,0.033330046,10.81960185,654.4752778,95.09598148,7.286862963,353.0705556
30/11/2014 0:49,9.414715936,-8.728803529,0.046556573,0.032328904,10.81043957,648.8174225,94.56999465,7.262223422,433.7879358
01/12/2014 0:00,9.090702282,-8.665563837,0.043965277,0.030772629,10.89251641,645.3218402,94.55280956,7.263182596,465.8788873
02/12/2014 10:43,9.059741018,-7.831449043,0.044578623,0.031185832,10.99213816,650.3695521,95.34491637,7.309043908,467.4299729
03/12/2014 0:11,8.874252667,4.382512194,0.043876528,0.030796042,10.92087829,641.4509769,94.30567051,7.285211014,470.3341289
04/12/2014 0:12,8.689420133,4.387929283,0.043330504,0.030504159,10.9233907,636.776197,93.90691866,7.264280858,474.2765722
05/12/2014 0:03,8.553317432,4.463298042,0.043100305,0.030399484,10.96368796,635.5853721,93.94436286,7.261483389,474.3227607
06/12/2014 0:03,8.358611177,4.519364958,0.042367031,0.029981042,10.95760932,630.1509368,93.44738281,7.235153427,477.4509422
07/12/2014 0:03,7.898699536,7.660670916,0.038923024,0.027805946,11.06250792,624.2723643,93.27668062,7.160832392,480.1229375
08/12/2014 0:01,7.89308801,3.967845875,0.040323135,0.028763458,11.1737866,630.2444592,94.21688094,7.211895552,483.2418361
09/12/2014 0:02,7.73186476,3.966087104,0.039864552,0.028504979,11.28943752,632.4547393,94.81619536,7.212062167,485.7068189
10/12/2014 0:02,7.573299104,3.977448479,0.039597375,0.028373167,11.36401917,632.3870462,95.07206814,7.224502479,488.3549798
11/12/2014 0:02,7.494861104,3.928374479,0.039360729,0.02823599,11.40505813,632.555151,95.23075814,7.21800026,488.7338412
12/12/2014 0:02,7.166040558,7.436479521,0.038441879,0.027697661,11.55663345,632.1553456,95.69909882,7.2085534,488.4315058
13/12/2014 0:04,7.001088012,7.496011788,0.038032182,0.027450806,11.58811036,629.3068452,95.55801511,7.210543224,488.6954292
14/12/2014 0:03,6.373888986,12.01647613,0.036145942,0.026288138,11.92455291,630.3502277,96.78748326,7.200611065,490.5646822
15/12/2014 0:03,NAN,NAN,NAN,NAN,NAN,NAN,NAN,NAN,NAN
16/12/2014 0:03,NAN,NAN,NAN,NAN,NAN,NAN,NAN,NAN,NAN
17/12/2014 12:26,6.59907037,3.906190261,0.037181022,0.026753522,12.10170357,645.9431034,98.78265485,7.284659174,487.1542021
18/12/2014 0:11,6.77579412,5.509772383,0.039882685,0.028819578,12.01573365,646.2346992,98.55605329,7.324615949,481.9680941
19/12/2014 0:00,6.732820722,3.88637584,0.039993813,0.028911798,11.97965369,642.9472599,98.15458406,7.324820811,488.3170935
20/12/2014 0:10,6.667666602,3.974071495,0.039941581,0.028895849,12.03350916,644.0387934,98.43547225,7.302515978,497.9599872
21/12/2014 0:10,6.531172652,3.949529728,0.039914967,0.028923859,11.99403984,638.0862122,97.77737727,7.279409098,504.4466406
22/12/2014 0:12,6.332647907,8.331275115,0.039230814,0.028504366,12.00132344,633.2974707,97.34951177,7.246318284,501.8651792
23/12/2014 0:02,6.176882011,8.328049967,0.039150929,0.028498299,12.01167632,629.4990506,97.05180495,7.242738571,504.5656013
24/12/2014 0:01,6.074101857,3.869137245,0.039240429,0.02859849,11.98146392,624.6788292,96.55611182,7.244555306,506.9487485
25/12/2014 23:40,6.015887,3.9813305,0.038922,0.0283905,12.03521,625.8681335,96.8465155,7.2688435,507.2018585
26/12/2014 0:10,6.031392833,3.980006271,0.038972625,0.02842149,12.10232044,629.7879626,97.42391195,7.257624146,510.6926289
27/12/2014 0:10,5.93131874,3.868440479,0.038905823,0.028406521,12.27421355,635.8804372,98.55756514,7.279976531,511.3758886
28/12/2014 0:10,5.840795728,8.302095777,0.039017185,0.02851456,12.2884741,634.4380298,98.44648207,7.291054359,515.3830495
29/12/2014 0:12,5.608222505,4.041022547,0.039230358,0.028742905,12.43518433,634.9618286,99.03335018,7.307405821,522.3541427
30/12/2014 0:57,5.482964259,4.054569247,0.039358556,0.028885494,12.50386116,634.8776653,99.26325583,7.306101136,525.6222316
31/12/2014 0:12,5.381472555,8.417172324,0.039137247,0.028756544,12.58308863,636.3435699,99.63392425,7.298570027,524.8946118
01/01/2015 0:02,5.304425249,8.472906181,0.03906696,0.028729667,12.61202198,635.5921093,99.66622925,7.289548655,528.295944
02/01/2015 0:02,5.188527027,8.279595934,0.03896088,0.028690934,12.6611063,634.6692599,99.75533722,7.312171776,525.4921755
03/01/2015 0:12,5.119859592,8.29806275,0.039032223,0.028769364,12.69161893,634.2122322,99.81979573,7.321012527,524.8850505
04/01/2015 0:12,5.066694744,8.212470867,0.039122333,0.028855728,12.75273663,635.6967214,100.1620158,7.315801278,528.1418661
05/01/2015 0:12,4.980511293,8.277485587,0.039004967,0.028796022,12.79458354,635.2583601,100.2689063,7.313148821,529.8207391
06/01/2015 0:12,4.964259283,8.260998212,0.039038875,0.028826712,12.83783907,636.942008,100.565253,7.317500016,530.1275741
07/01/2015 0:12,4.973661191,3.937276372,0.039371957,0.029078734,12.79703853,634.8252596,100.2705812,7.298094819,534.9045397
08/01/2015 0:12,4.879066073,3.995051302,0.03920726,0.028989667,12.81383558,632.9020951,100.1575829,7.302563031,533.431029
09/01/2015 0:12,4.744188767,8.446244083,0.038895089,0.028801233,12.86421583,631.8251055,100.2010014,7.30797015,530.7153453
10/01/2015 0:12,4.750142281,8.230540173,0.038865881,0.028778973,12.89534419,633.5083417,100.4591902,7.315850995,530.749744
11/01/2015 0:13,4.766813143,8.363483544,0.038839253,0.028751736,12.99714152,639.0185876,101.295213,7.333381055,528.5817389
12/01/2015 0:13,4.708020894,3.923308266,0.039052936,0.028934255,12.90887826,632.5648434,100.4544864,7.286462415,520.2980639
13/01/2015 0:13,4.646122323,3.878985958,0.038940156,0.028872365,13.02797143,636.5624002,101.218328,7.329836354,520.5871118
14/01/2015 0:13,4.638043344,3.874268563,0.038808375,0.028775531,13.12064996,640.848498,101.9169538,7.348633042,526.2602081
15/01/2015 0:13,4.625476989,3.795435884,0.038765211,0.028747821,13.22102349,645.3781642,102.6630013,7.362001758,533.3860506
16/01/2015 0:13,4.525482255,3.766049394,0.038623287,0.028678702,13.31447113,646.9003952,103.119766,7.375965213,536.0567893
17/01/2015 0:05,4.364241772,3.84558125,0.038464152,0.02861662,13.35325166,643.9229975,102.9869718,7.3671645,532.6584704
18/01/2015 0:05,4.267078302,3.760454323,0.038398365,0.028601813,13.27018814,637.0008773,102.0872283,7.305255573,535.5548267
19/01/2015 0:05,4.200757357,8.601194459,0.038341114,0.028583114,13.39080158,641.2096822,102.8362524,7.366092476,538.5425102
20/01/2015 0:00,4.084331813,3.876037771,0.038342427,0.028627625,13.46415406,640.7687506,103.0850256,7.372513052,543.0056261
21/01/2015 0:00,3.887467143,8.625200016,0.03825618,0.028626709,13.61107622,642.1616269,103.6731185,7.410771577,539.1326307
22/01/2015 0:01,3.73240925,3.937188833,0.038021042,0.02850375,13.68195829,640.356238,103.7884761,7.410921271,544.1582927
23/01/2015 0:01,3.652618853,4.019170179,0.037944032,0.028474663,13.72002139,639.6896863,103.8560782,7.4040688,546.1827714
24/01/2015 0:00,3.564442729,4.062505813,0.037869427,0.02845049,13.8008137,640.7492803,104.2251738,7.413348302,544.5925573
25/01/2015 0:00,3.525790708,4.088478052,0.037921719,0.028505115,13.93277377,645.6775951,105.1140735,7.431405573,545.5164763
26/01/2015 0:00,3.357435455,8.667229112,0.037851476,0.028510722,14.01358534,644.5775189,105.2527974,7.416613561,532.4846746
27/01/2015 0:00,3.380669208,3.891564625,0.037874844,0.028522115,14.04012616,646.0997791,105.516722,7.400803385,529.055507
28/01/2015 0:00,3.389219158,3.851336221,0.037938526,0.0285688,14.19092381,653.3142455,106.6748081,7.423394842,532.5989836
29/01/2015 0:00,3.400256448,3.747344625,0.037927188,0.028555844,14.30327232,658.8250777,107.5509107,7.467568198,519.3042825
30/01/2015 0:00,3.531236927,3.614619438,0.037959604,0.02853275,14.32038694,663.7798932,108.0541349,7.4875915,522.9649753
31/01/2015 0:00,3.556253128,3.609350915,0.03794283,0.028510553,14.26355041,661.9332256,107.6965917,7.473020255,528.0191761
01/02/2015 0:00,3.402679986,7.991307751,0.037760028,0.028421808,14.34459337,661.181559,107.8683245,7.481905446,527.7840576
02/02/2015 0:06,3.322979885,4.163046042,0.037649188,0.028367323,14.28229281,655.4438883,107.172738,7.4518205,529.3847751
03/02/2015 0:06,3.204909054,4.103510591,0.037526022,0.028314215,14.37208774,655.7940149,107.5077835,7.431688129,533.2902793
04/02/2015 1:55,3.117855854,4.15269164,0.037517775,0.028339697,14.37885785,653.3439797,107.3095572,7.389229674,536.3700315
05/02/2015 0:10,3.037676368,9.220093049,0.037439601,0.028305693,14.40689113,652.5127845,107.2878657,7.43239084,535.7422564
06/02/2015 0:05,2.836306138,4.128821649,0.037347287,0.028309149,14.45153832,647.6715445,107.0422505,7.346622574,540.5149179
07/02/2015 0:05,2.859676817,4.187354268,0.037645288,0.028536706,14.38131343,645.2712982,106.58951,7.179488379,540.6033717
08/02/2015 0:00,2.565994668,4.234426303,0.036503244,0.027735256,14.65221682,647.9857701,107.7416706,7.371256635,498.5057227
09/02/2015 0:00,2.729236137,4.251153029,0.036725073,0.027854048,14.45603065,644.4777192,106.767484,7.205495438,524.7831504
10/02/2015 0:00,2.748395153,4.245134284,0.037214317,0.028236326,14.44664433,644.6698503,106.7535567,7.098235567,534.0776835
11/02/2015 0:00,2.701446686,4.221478261,0.037349696,0.028361448,14.50663079,645.8444975,107.0609907,7.076561654,532.0806486
12/02/2015 16:38,2.836069902,4.193920763,0.037519002,0.028445699,14.35285133,643.2543772,106.3113206,7.0587955,536.3458799
13/02/2015 0:13,2.828154878,8.928342428,0.037383189,0.028338217,14.59854507,654.425789,108.1061043,7.330623939,530.630442
14/02/2015 0:11,2.817794167,4.008097896,0.037345719,0.028314885,14.58035776,652.8371264,107.9424827,7.390773708,533.3574626
15/02/2015 0:12,2.891494844,3.983660292,0.037457688,0.028376229,14.48323663,650.841582,107.4366453,7.225567844,541.7467722
16/02/2015 0:12,2.957771938,4.041011625,0.037546167,0.028417208,14.49123811,653.3333607,107.6870649,7.150817167,546.33675
17/02/2015 0:12,3.013194729,4.117836813,0.037538979,0.02839776,14.58924656,659.4887587,108.5695658,7.345369552,547.2968585
18/02/2015 0:12,2.984143417,4.156542385,0.037683396,0.028519688,14.45175859,652.3794409,107.4679528,7.092187833,556.3823903
19/02/2015 0:12,3.104861667,8.732306407,0.038056254,0.028766164,14.43807817,656.0489615,107.7172562,7.041888974,559.0152843
20/02/2015 0:00,3.078754938,3.926213031,0.037959708,0.028703625,14.53328229,659.092406,108.3495699,7.088530813,560.286719
21/02/2015 0:00,3.122957969,3.830690594,0.037943417,0.028672365,14.48748846,658.4153436,108.1354692,7.166929781,562.0331478
22/02/2015 0:00,3.095293708,3.871264031,0.03788749,0.028640219,14.55822096,660.7457784,108.5830787,7.190367708,565.1356767
23/02/2015 0:00,3.19025546,8.641080111,0.038185566,0.028833407,14.58496706,665.4564719,109.0595567,7.320605577,559.6236873
24/02/2015 0:00,3.134163375,4.058079563,0.038246698,0.028906302,14.50883129,659.763635,108.3268286,7.242201677,567.4660276
25/02/2015 0:01,3.085866427,4.086310563,0.038183563,0.02887249,14.59492968,662.1416219,108.8303452,7.259318563,571.8616632
26/02/2015 0:01,3.214428625,4.068551604,0.03847426,0.02905649,14.4880732,661.3886586,108.4019853,7.064126094,579.5172265
27/02/2015 0:01,3.357769138,4.051506775,0.038612175,0.029105563,14.51133756,667.0644577,108.992543,7.075584713,579.748507
28/02/2015 0:01,NAN,NAN,NAN,NAN,NAN,NAN,NAN,NAN,NAN
01/03/2015 13:00,NAN,NAN,NAN,NAN,NAN,NAN,NAN,NAN,NAN
02/03/2015 13:00,NAN,NAN,NAN,NAN,NAN,NAN,NAN,NAN,NAN
03/03/2015 13:00,NAN,NAN,NAN,NAN,NAN,NAN,NAN,NAN,NAN
04/03/2015 13:00,NAN,NAN,NAN,NAN,NAN,NAN,NAN,NAN,NAN
05/03/2015 13:00,NAN,NAN,NAN,NAN,NAN,NAN,NAN,NAN,NAN
06/03/2015 13:00,NAN,NAN,NAN,NAN,NAN,NAN,NAN,NAN,NAN
07/03/2015 13:00,NAN,NAN,NAN,NAN,NAN,NAN,NAN,NAN,NAN
08/03/2015 13:00,NAN,NAN,NAN,NAN,NAN,NAN,NAN,NAN,NAN
09/03/2015 13:00,NAN,NAN,NAN,NAN,NAN,NAN,NAN,NAN,NAN
10/03/2015 13:00,6.267762,3.3969548,0.041054,0.0298178,14.5992772,726.6597228,118.1566964,6.1313119,522.9603241
11/03/2015 1:00,5.419802573,11.26669497,0.041077573,0.030157778,12.17219672,708.7218466,96.53849349,7.349359274,591.96349
12/03/2015 0:00,7.231937854,4.078627146,0.042519756,0.030483927,12.67827288,753.83607,105.1799975,7.358565976,528.6952559
13/03/2015 8:00,7.416563694,4.102829051,0.043196841,0.030878516,12.70523336,756.1446502,105.8899549,7.392205764,500.885136
14/03/2015 0:02,6.938025292,4.068173542,0.042663156,0.030695469,12.47174768,739.9169381,102.71463,7.38889151,497.7021704
15/03/2015 0:02,6.572491125,4.028531729,0.042283948,0.030575448,12.25494942,724.7320557,100.0124298,7.363946667,500.7491898
16/03/2015 0:02,6.164751196,5.030579915,0.042163975,0.030646878,12.17546867,716.8855311,98.35344595,7.314455496,509.6574305
17/03/2015 0:00,5.914066424,5.034722707,0.041941863,0.030587984,12.02113471,705.6316434,96.49087116,7.311688109,508.4836314
18/03/2015 0:06,5.518619427,4.201883531,0.041178958,0.030197885,11.9218661,696.0587095,94.72995509,7.311328385,515.0147377
19/03/2015 0:07,5.521527271,4.202039104,0.041585229,0.030488115,11.85930922,692.4124407,94.23874201,7.319091521,516.2916622
20/03/2015 0:07,5.55734125,4.165477156,0.0418145,0.030640448,11.84341534,691.8564594,94.20000058,7.331174052,518.714646
21/03/2015 0:07,5.632780031,4.114734854,0.041941,0.030702927,11.80594729,690.4207375,94.08288035,7.31538501,519.671093
22/03/2015 0:07,5.818540073,4.11837351,0.042372438,0.03093751,11.84500675,694.442955,94.84538189,7.247174813,519.3962506
23/03/2015 0:07,5.73106725,4.075310852,0.042644784,0.03117483,11.79242488,690.5600482,94.21233272,7.140241557,518.3201651
24/03/2015 0:09,5.63043891,4.094090427,0.042100416,0.030823124,11.70465403,684.4652922,93.27049484,7.215871303,523.5998603
25/03/2015 0:06,5.60493124,4.385574948,0.041395563,0.030317188,11.69672547,683.7791716,93.14617043,7.273172938,526.464311
26/03/2015 0:06,5.573559885,8.691556257,0.041017219,0.030054055,11.68890758,683.4063611,93.00954352,7.318764634,523.6938196
27/03/2015 0:01,5.884179579,4.1415752,0.041292189,0.030132674,11.72362184,687.8606311,94.03120185,7.184432305,522.6967259
28/03/2015 0:01,6.496408884,4.164097758,0.041949021,0.030366768,11.92647527,704.5694445,97.15888986,6.934488084,519.7816747
29/03/2015 0:01,7.069307531,4.152292375,0.041742344,0.030009719,12.16821506,722.4070575,100.561053,6.914856083,515.53689
30/03/2015 0:01,7.20872455,8.559869921,0.041647698,0.029893233,12.34061058,733.4577181,102.3549098,7.179357243,515.1643912
31/03/2015 0:13,7.642462573,4.087412833,0.042172,0.030097219,12.4110552,739.578345,104.0135768,6.73085774,521.8556849
01/04/2015 0:13,7.261514581,8.787130978,0.041880341,0.030030028,12.22765539,727.0241222,101.5571905,7.06002986,521.8451941
02/04/2015 0:00,7.709311354,4.001976292,0.04252226,0.030313313,12.40365654,739.3775184,104.1204512,6.64674325,525.5329082
03/04/2015 0:00,7.528344385,8.97716246,0.042574118,0.030412,12.3043953,732.6900801,102.8720899,6.855004064,525.2385923
04/04/2015 0:03,7.682166385,4.546860365,0.04265225,0.030410375,12.3177771,734.155646,103.3375903,6.706961448,534.6986262
05/04/2015 0:03,8.561914396,4.525668219,0.044719844,0.031460906,12.74847446,761.3674412,109.2788038,6.77962649,523.1850631
06/04/2015 0:04,7.580086944,7.941079346,0.042404897,0.030277766,12.20824952,726.9584322,102.2065976,6.717687953,539.48768
07/04/2015 0:13,7.534853899,9.156980783,0.042742693,0.030529688,12.12599067,722.2687197,101.3866097,6.908504529,536.8364929
08/04/2015 0:05,7.161921807,9.133233891,0.043659901,0.031301188,11.91303039,708.3503599,98.66623107,6.977177391,541.4804993
09/04/2015 0:05,7.592356995,9.096575392,0.043213489,0.030834194,12.0734478,719.2330975,101.09146,6.900804403,530.07627
10/04/2015 0:05,8.646196708,3.75434625,0.043798906,0.030823667,12.49727113,746.4094778,107.3384398,6.536681688,528.3953044
11/04/2015 0:05,9.036497427,3.775924031,0.045225469,0.031613604,12.61608184,753.3455244,109.3842129,6.573050021,525.9161961
12/04/2015 0:05,7.388382612,14.71915233,0.044217106,0.031585221,11.84186888,704.4244328,98.71384027,6.904939686,541.4738668
13/04/2015 0:03,8.002641915,9.18928309,0.04568508,0.032329176,12.07751138,720.6619393,102.145984,7.06956983,537.0178301
14/04/2015 0:05,8.260616794,9.153623618,0.045717994,0.032239612,12.15965994,725.4810593,103.5353663,7.048050941,533.3643691
15/04/2015 0:05,8.714373263,4.190952303,0.046783868,0.032768803,12.27938716,733.5660737,105.6337173,7.036260171,535.7810211
16/04/2015 0:14,9.65936025,3.903458656,0.047767729,0.033018073,12.74612036,759.8167369,112.1663931,7.470545479,513.2985334
17/04/2015 0:14,9.57335161,9.078177909,0.047385064,0.032804658,12.67259753,753.5754927,111.4505709,7.448873246,518.1206878
18/04/2015 0:03,9.443187016,8.995350295,0.047370053,0.0328473,12.56054254,746.7199248,110.1589148,7.414370384,522.9888389
19/04/2015 0:05,10.79697961,3.889879688,0.04762151,0.032465646,13.07570695,774.2694543,118.1699619,7.51915275,512.886007
20/04/2015 0:05,10.76306388,3.929105221,0.0481715,0.03282064,12.96381784,767.8574985,117.0687275,7.405654826,518.8332726
21/04/2015 0:05,9.410735628,8.921523191,0.047230005,0.032748372,12.26751589,729.44032,107.513878,7.337692541,533.87431
22/04/2015 0:03,9.629541968,9.007051718,0.047472814,0.03282266,12.40853085,736.7450256,109.3753413,7.348249005,532.812468
23/04/2015 0:03,10.62683613,8.922610777,0.048583915,0.033103968,12.99019336,764.5416834,117.4072714,7.40659316,517.151703
24/04/2015 0:03,10.79256731,9.049386163,0.049240368,0.033435016,12.99024313,762.4248857,117.9693025,7.361302916,519.4201938
25/04/2015 0:02,11.14333473,9.048609747,0.049248474,0.033309632,13.14899053,768.7572525,120.4358788,7.441332226,511.4746641
26/04/2015 0:03,11.11217928,8.888154328,0.049304037,0.033349291,13.11784394,767.1866707,120.0330925,7.436265989,516.0791388
27/04/2015 0:02,11.25210321,8.972834487,0.049669995,0.033512931,13.10162775,766.685853,120.1428077,7.478641524,517.2314014
28/04/2015 0:03,10.90802322,9.054493676,0.049542782,0.033570532,12.75562061,747.7962231,116.1651248,7.370803739,526.6181612
29/04/2015 0:04,11.08554479,9.085173878,0.04960968,0.033542512,12.94203711,756.3969184,118.4513739,7.386912942,525.3696654
30/04/2015 0:05,11.57218813,9.103100492,0.04985536,0.033493497,13.28799954,773.0303309,122.9723936,7.50191355,509.5508121
01/05/2015 0:04,11.75911954,9.046613844,0.050207839,0.033626473,13.30792963,772.6875256,123.6620153,7.520497172,509.861238
02/05/2015 0:05,11.67704185,9.033021271,0.050435394,0.033792888,13.12647581,762.0779926,121.8141457,7.405296154,518.6745487
03/05/2015 0:04,11.688903,9.107504037,0.050431296,0.033786418,13.08339035,758.2535323,121.6026801,7.387676497,527.4354423
04/05/2015 0:05,11.68488216,8.915371799,0.050422127,0.033784524,12.96790273,751.5944214,120.5415102,7.335925947,530.6331986
05/05/2015 0:05,12.60864994,8.278640378,0.051550561,0.034077409,13.61061703,781.8959913,128.91416,7.571997683,515.8943455
06/05/2015 0:05,12.20746514,8.932673615,0.051064901,0.033931755,13.17041599,758.5017633,123.9052068,7.458909859,530.0106031
07/05/2015 0:05,12.18872661,9.035368628,0.051347191,0.03411517,13.06910684,751.2684927,123.1211949,7.324353011,536.9760451
08/05/2015 0:04,12.94235053,8.940116395,0.052493679,0.034464305,13.67400048,777.5909678,130.9864384,7.522176847,515.6363527
09/05/2015 0:05,12.8285066,8.925407206,0.052654381,0.034593005,13.48042752,766.1600058,128.9705475,7.402557159,531.1062252
10/05/2015 0:05,12.72355431,8.901655911,0.052366456,0.034473183,13.30392377,756.5928687,127.155817,7.29302755,552.4062544
11/05/2015 0:06,12.3050839,9.132440549,0.051859643,0.034358385,12.86354066,739.564048,121.4215106,7.213929962,574.9828699
12/05/2015 0:05,12.74308621,8.832864933,0.052763446,0.034709072,13.45708766,765.1575702,128.7442587,7.326472436,569.4699399
13/05/2015 0:05,13.87603494,8.860388904,0.054528176,0.035184457,14.36219812,787.8120237,142.4597247,7.418483122,557.3680693
14/05/2015 0:04,14.86832554,9.066916382,0.055768661,0.035413436,14.94362387,800.755195,151.6578234,7.62001497,535.8631474
15/05/2015 0:06,14.46664881,8.158785888,0.054793761,0.035060954,14.01019383,763.6308185,140.1663709,7.536451152,567.7635546
16/05/2015 0:05,13.77873818,8.806652139,0.053822139,0.03488134,13.34323866,746.5270021,130.4966846,7.364291649,611.1430416
17/05/2015 0:04,13.34584361,8.805340036,0.053006985,0.034611969,12.96927764,733.0389044,125.4191187,7.261238692,631.6819696
18/05/2015 0:05,13.92285886,8.612906385,0.054242766,0.035056448,13.47447884,750.1850996,132.4775694,7.265953797,629.6302516
19/05/2015 0:04,13.6081319,8.811790333,0.053801728,0.034939595,13.03474678,731.3761449,127.0432976,7.39145459,637.8375131
20/05/2015 0:05,12.96119759,8.78626013,0.052266523,0.034369596,12.40278547,708.6592372,118.6262927,7.334260067,649.7961944
21/05/2015 0:04,13.05276169,8.72338199,0.052506672,0.034478224,12.47237244,712.1386331,119.4911198,7.317120896,646.0012563
22/05/2015 0:05,12.84261368,8.790517704,0.052303719,0.034445311,12.31597659,705.4771448,117.4435249,7.313068209,641.0298944
23/05/2015 0:05,8.803479418,24.93658612,0.048081332,0.033574892,8.290502985,494.3516956,71.98729041,6.996981806,590.6888833
24/05/2015 0:09,7.48647826,30.24117,0.060743083,0.042983938,0.772563167,46.16495303,6.448959177,7.222249823,20.41039927
25/05/2015 0:09,11.35268515,14.80144236,0.068477447,0.046376738,7.811404699,444.3432792,75.4840513,7.491864767,232.5946104
26/05/2015 0:00,14.41972236,4.267724615,0.055293583,0.035517729,13.58247233,764.6708673,133.222236,7.720928208,468.9982519
27/05/2015 0:01,13.16999641,8.704722229,0.053579193,0.035041047,12.45963676,710.7689485,119.6749961,7.511403729,488.0673447
28/05/2015 0:04,13.22150039,8.773431211,0.054073129,0.035302278,12.66764276,721.4103041,121.9245531,7.502031479,500.182539
29/05/2015 0:04,13.20832065,8.863141432,0.054278074,0.035419842,12.73982265,725.6267469,122.590818,7.536088526,510.3351597
30/05/2015 0:05,13.28712334,8.848745544,0.054663877,0.035613,12.75093351,725.075579,122.9713054,7.528997728,518.2022285
31/05/2015 0:04,13.85936346,8.918485555,0.055461005,0.03579699,13.25516814,741.9992069,130.0156144,7.589289424,520.7773164
01/06/2015 0:04,14.52123145,8.873539078,0.056462668,0.036040788,13.78441346,756.6602721,137.8353347,7.602086917,520.3555236
02/06/2015 0:04,14.56343931,8.940127016,0.056673016,0.036124495,13.79382305,755.5195694,138.199344,7.539178905,522.7619182
03/06/2015 0:04,14.38840464,8.50126463,0.056385158,0.036064511,13.76953004,760.8898081,136.9326042,7.545864891,526.0605488
04/06/2015 0:05,14.56755289,8.766437371,0.056749376,0.036188098,13.89218561,764.2642416,138.8108858,7.593394454,527.033423
05/06/2015 0:04,14.58758197,8.923769011,0.057065075,0.036359995,14.01760691,769.8701831,140.3040907,7.601748043,522.8297465
06/06/2015 0:04,14.66653897,8.868763454,0.057331021,0.036454119,14.12390376,771.8035832,141.9655312,7.656990041,520.4984147
07/06/2015 0:04,15.23104785,8.802396656,0.058224133,0.03667521,14.50022971,780.205562,147.875227,7.604609497,512.8401998
08/06/2015 0:05,15.12349526,8.832952272,0.058065021,0.036647538,14.47454348,781.8944087,147.1407313,7.710048149,517.3757284
09/06/2015 0:05,15.60799036,8.89601918,0.058696232,0.03674233,14.41021389,766.5994226,148.4457836,7.728657479,518.1997534
10/06/2015 0:04,15.1261179,9.132610359,0.057833098,0.036507826,13.05244589,751.0514515,132.6136853,7.710339978,514.296796
11/06/2015 0:05,18.0013476,4.117583885,0.061797604,0.037464896,11.56260257,881.9073162,122.415376,7.959837292,498.5946252
12/06/2015 0:05,15.7789434,8.80923034,0.058352508,0.03648355,9.529211309,741.1929617,98.58992901,7.507901791,506.0692517
13/06/2015 0:04,15.79656057,8.603354251,0.058549377,0.036590654,9.470560607,736.259882,98.06114414,7.511225267,510.8904991
14/06/2015 0:04,15.65087251,8.862201646,0.058390249,0.036558545,9.321711794,725.0777422,96.42209903,7.526122016,507.6284023
15/06/2015 0:04,15.4447367,8.633077905,0.058304958,0.036623847,9.108203434,715.0456795,93.50720837,7.436271185,508.5523408
16/06/2015 0:12,15.22327896,8.962093644,0.057668794,0.0363868,8.967700633,710.3513719,91.38195231,7.473821283,507.9197334
17/06/2015 0:04,14.66220756,9.196681976,0.056374145,0.035951747,8.441754452,679.9754619,84.71553376,7.274748247,519.4359008
18/06/2015 0:04,15.02693468,8.612843604,0.056999962,0.036147626,8.800768802,703.4082346,89.06439221,7.364792841,519.2150249
19/06/2015 0:05,15.2728232,8.83504817,0.057468572,0.03628583,8.96781166,712.0708168,91.3209664,7.389836098,517.6670222
20/06/2015 0:04,15.22122387,8.686988326,0.057562409,0.036357122,8.871718199,704.3886329,90.33667793,7.324824768,518.993186
21/06/2015 0:05,15.41363732,8.889641163,0.057980374,0.036498095,8.970037395,708.7775047,91.77398674,7.297018732,518.0337579
22/06/2015 0:04,15.91400538,8.818932047,0.058972031,0.036787948,9.229803487,714.7830063,96.05532816,7.339055409,513.7116455
23/06/2015 0:04,15.94749317,8.902637363,0.059081516,0.036823016,9.137153584,705.9605756,95.26282082,7.267759137,512.6818148
24/06/2015 0:04,15.98499963,8.875125021,0.059082141,0.036808518,9.082119602,702.585291,94.61365634,7.261454545,512.901662
25/06/2015 0:05,15.89719074,8.840890016,0.058957453,0.036799068,9.107730037,707.0851122,94.63029459,7.251379905,516.5890209
26/06/2015 0:04,16.55939067,8.842219941,0.060135074,0.037082718,9.541650761,716.2157205,101.8392063,7.43785441,468.9359456
27/06/2015 0:05,17.62385678,7.599846028,0.061330851,0.037103972,10.29390066,749.949433,112.4392942,7.571287348,333.0756408
28/06/2015 0:14,16.7672151,8.912074486,0.060717446,0.03728236,9.79255452,731.8095733,104.9131042,7.535828983,474.3730992
29/06/2015 0:14,16.4476053,9.20089543,0.060267101,0.037199595,9.60119112,724.3432718,102.0836658,7.480101734,483.2174588
30/06/2015 0:03,17.47481285,8.592231443,0.061653984,0.037417092,10.22777125,745.5001396,111.7293587,7.556316881,490.6908563
01/07/2015 0:14,18.72651274,8.668639066,0.063787802,0.037876852,10.78881005,753.0874813,121.5627189,7.576847577,490.2773856
02/07/2015 0:14,19.56716564,7.40041534,0.065199117,0.038257741,11.41158249,790.3215417,129.3784915,7.62725184,498.9579696
03/07/2015 0:14,18.23537741,8.561323973,0.062679136,0.037575022,10.46573812,746.0176436,116.2679943,7.583790375,510.4883587
04/07/2015 0:14,18.61167795,8.719236865,0.063612371,0.037836517,10.27294513,713.5356377,116.1595773,7.496121933,504.2970653
05/07/2015 0:00,18.84996486,8.545649266,0.064201462,0.038025049,10.38519295,717.8375376,117.8376135,7.437557973,506.2923552
06/07/2015 0:14,19.22417105,8.420962601,0.06479812,0.038151273,10.58442441,723.4029803,121.0905371,7.470559093,508.1923418
07/07/2015 0:14,19.86110074,8.602141886,0.06603913,0.038419519,10.97591059,731.7042253,127.6781796,7.467883708,512.1300723
08/07/2015 0:14,19.52627702,8.676546602,0.065606676,0.038373545,10.4575944,702.7227683,121.0015544,7.409026301,506.6533236
09/07/2015 0:00,19.28838446,8.546005055,0.065126155,0.038278901,10.27007969,701.9377248,117.4784116,7.330662928,516.5196921
10/07/2015 0:14,19.5461723,8.675976341,0.065698995,0.038415178,10.50409499,707.2258542,121.3925738,7.413899459,521.2031654
11/07/2015 0:14,19.51361407,8.509368489,0.06574989,0.038475429,10.33649149,697.4504269,119.2706218,7.373565374,522.1453963
12/07/2015 20:29,24.12337967,3.888745933,0.073613467,0.040421067,14.35106027,920.0008423,171.3100749,7.7376512,520.2091879
13/07/2015 0:14,19.60946733,8.427321189,0.0658804,0.038496217,10.41159593,701.7313587,120.2469313,7.390362061,524.6191477
14/07/2015 0:00,19.08199532,8.751831552,0.064952238,0.038277608,9.940750469,677.3658059,113.9566853,7.342590517,524.7781111
15/07/2015 0:12,19.60159638,8.211450945,0.065950901,0.038549995,10.38609454,702.8418262,119.6647306,7.384971418,522.7254969
16/07/2015 0:12,19.92531671,8.234168134,0.066656609,0.038721665,10.72230674,712.8677991,124.9744018,7.430945682,519.4068643
17/07/2015 0:11,19.77268208,8.292842757,0.066363564,0.038649061,10.38140728,693.7299199,120.6016745,7.420475641,520.9009711
18/07/2015 0:11,19.17337361,8.679724637,0.065330567,0.038396236,9.799791924,660.3433502,113.2053809,7.551053178,505.8652078
19/07/2015 0:12,19.85150661,8.215288653,0.066613284,0.038740438,10.49825951,699.9874114,122.1412035,7.640631392,508.4342104
20/07/2015 0:10,19.65550001,8.173956585,0.066366738,0.038706656,10.27070399,686.4301389,119.3055505,7.574915574,507.4036145
21/07/2015 0:14,19.49416274,8.327072687,0.066080413,0.038637749,10.07876972,673.9682498,117.0376204,7.572740067,505.6007459
22/07/2015 0:01,19.58580783,8.048638174,0.065591005,0.038349811,8.786941189,663.6728853,101.3430295,7.366532411,505.0369455
23/07/2015 0:14,20.00576457,8.207772005,0.065958432,0.038361443,6.314026153,690.9243204,73.73988307,7.339284268,498.1283824
24/07/2015 0:00,20.2523178,8.113686898,0.066693695,0.03858561,6.420344358,695.4299278,75.47335229,7.354034144,501.6922972
25/07/2015 0:00,19.66314662,8.265474928,0.065523111,0.038299494,5.965926156,658.1267795,69.29668385,7.238166106,514.0677823
26/07/2015 0:14,19.82364403,8.062076011,0.065731751,0.038356643,6.075818151,671.8559751,70.47737512,7.271910881,507.4606338
27/07/2015 0:14,20.06200736,8.163889514,0.06619792,0.038468137,6.216587903,681.5230847,72.51528269,7.28513136,507.5355409
28/07/2015 0:00,19.90243352,8.201144421,0.065960366,0.038411126,6.083016497,665.5962819,71.04601704,7.281833454,501.7912309
29/07/2015 0:00,21.46205065,5.963395616,0.068614141,0.039061179,7.070662707,757.162747,83.74200567,7.547114297,497.1498808
30/07/2015 0:14,24.11445264,4.175085303,0.073201576,0.040241606,8.592821606,909.2834675,102.556369,7.770775667,490.5394334
31/07/2015 7:17,22.89975409,3.807669208,0.07074687,0.039664013,7.437234636,816.3407561,86.7464143,7.427539429,508.2858689
01/08/2015 0:13,22.35945352,3.802454893,0.069962393,0.039538946,7.248303768,808.5500565,83.66749123,7.421990732,505.8855308
02/08/2015 21:18,23.20973155,3.807737364,0.071447,0.039856,8.313219091,904.1040759,97.53843773,7.636425273,499.884907
03/08/2015 0:03,19.35242345,7.894321723,0.065055717,0.038286831,5.641040651,635.095638,64.67529227,7.154187307,512.6920662
04/08/2015 0:14,19.13207935,8.122233232,0.064663564,0.038199072,5.442699564,616.4902536,62.15048876,7.143732912,515.7984731
05/08/2015 0:12,19.41714682,8.256070333,0.065360705,0.038389246,5.705193967,636.8949125,65.78722902,7.25003294,509.7106401
06/08/2015 0:12,19.69707151,8.24964287,0.066042497,0.038579452,5.931497023,652.2377265,69.05370903,7.332061096,499.867569
07/08/2015 0:12,19.77697954,8.282005176,0.066104017,0.038571142,5.961130313,654.1557152,69.51626469,7.356058574,500.4952925
08/08/2015 0:12,19.92741638,7.591647725,0.066239251,0.038624814,5.879457557,652.1098971,68.08646176,7.28573579,507.8905681
09/08/2015 0:12,19.04307824,8.395162955,0.064760408,0.038285078,5.292073872,597.752477,60.56003811,7.116408832,510.3845765
10/08/2015 0:12,19.21924708,8.270079972,0.065131862,0.038397591,5.519754331,619.3110142,63.45420571,7.157159823,512.5143896
11/08/2015 0:12,18.88433493,8.790132224,0.064744509,0.038322327,5.190946297,582.2327942,59.68044718,7.047596333,528.9821581
12/08/2015 7:13,10.43008399,23.58756582,0.05294907,0.035923275,0.275708486,34.22291592,2.907820111,6.367125982,565.8402981
13/08/2015 0:06,19.32383053,8.66823246,0.065507914,0.038519172,5.594815086,628.7292477,64.2534259,7.225031595,531.7940868
14/08/2015 0:01,19.13276295,8.176640315,0.065243928,0.038502674,5.472201685,622.8565202,62.32049876,7.183731994,529.0295282
15/08/2015 0:12,18.59972174,8.326416134,0.064521229,0.038416251,4.969353358,572.4955165,56.13900473,7.116311078,531.4777662
16/08/2015 22:08,20.96890238,3.9003765,0.069213375,0.039814375,6.856789625,796.5649794,77.03508738,7.38635975,529.6989746
17/08/2015 0:08,18.16521772,8.348698754,0.064078732,0.038392112,4.650109626,546.0637437,51.84165428,6.985442352,537.1428465
18/08/2015 0:12,18.15009816,8.1556288,0.064139317,0.038461372,4.746687817,560.2070398,52.73942939,7.020595667,533.4304576
19/08/2015 0:12,17.95897127,8.313259703,0.06369933,0.03832267,4.575247599,542.724732,50.65372562,6.983627582,532.8629439
20/08/2015 0:12,17.99564908,8.368492984,0.063717423,0.03831144,4.722479951,559.1435665,52.3531699,7.025771192,536.7717433
21/08/2015 0:13,17.87230949,8.375951525,0.063508038,0.03826735,4.566252787,541.6237113,50.55702075,6.997551661,536.6089898
22/08/2015 0:12,17.92916652,8.303923326,0.063138099,0.03806332,4.80409221,568.2216009,53.29818831,7.077231608,530.6719842
23/08/2015 0:13,18.46035572,8.294137486,0.063880192,0.038194203,5.481681785,643.4032113,61.14902894,7.239258186,523.8895098
24/08/2015 0:13,18.19673341,8.317152341,0.063649782,0.038205335,5.385479,639.5139709,59.58810054,7.211334196,524.38838
25/08/2015 0:12,17.88987821,8.204654222,0.063467167,0.038270544,5.160099889,616.9599509,56.81466627,7.162282211,527.3971731
26/08/2015 0:12,17.94830592,8.227361584,0.064305758,0.038666281,5.103869039,606.9397134,56.41479242,7.126910781,527.6533625
27/08/2015 0:12,18.18900978,8.28829367,0.064496462,0.038651297,5.332521335,628.7445434,59.30337796,7.210951995,522.8721965
28/08/2015 0:12,17.65517883,9.108164151,0.063976618,0.038626046,4.801385296,567.184298,53.32297115,7.101631283,526.8844165
29/08/2015 16:04,20.70701488,3.956588688,0.06843325,0.039560438,7.782377563,910.8299713,86.987731,7.794130594,517.952137
30/08/2015 0:04,18.09124695,8.287186333,0.064377557,0.038653464,4.975779437,587.875948,55.2565142,7.107684913,530.8977628
31/08/2015 0:12,18.48350259,8.260255403,0.064693337,0.038617983,5.384888961,626.3987213,60.44743599,7.265716464,523.7713099
01/09/2015 0:12,18.30715888,8.355892461,0.064690072,0.038707961,5.305368061,620.7404947,59.31691975,7.256527411,523.1400932
02/09/2015 0:12,18.07302631,8.371181023,0.064512977,0.038752157,5.272474105,589.9380902,58.49972752,7.120291959,520.5437409
03/09/2015 0:06,20.19910172,4.107092594,0.068758292,0.039954917,10.82011431,867.5654752,119.9491005,7.29444399,509.9947628
04/09/2015 0:01,18.09391332,7.832267694,0.066381276,0.039720676,7.597027035,615.3706824,83.61508297,6.866198918,522.0586058
05/09/2015 0:09,19.52834579,4.915288645,0.068148617,0.039975028,9.685239626,792.636913,105.8036934,7.055528112,518.3114741
06/09/2015 0:10,17.63212321,7.848291776,0.065610453,0.039568441,7.172188541,590.8318412,77.9727293,6.795917088,525.7588971
07/09/2015 0:10,17.38162634,7.830110888,0.065474638,0.039610963,6.898370144,570.4617798,74.78066252,6.738744313,533.7991394
08/09/2015 0:09,17.34797357,7.942374046,0.065432197,0.039615983,6.914917087,574.3500768,74.71385211,6.769262249,525.1233439
09/09/2015 0:10,17.5272756,7.962091411,0.065857322,0.039753467,7.207896989,595.0619619,78.23383807,6.819174661,532.0288252
10/09/2015 0:10,17.60938831,7.946607672,0.065948542,0.039758763,7.514888051,618.7160065,81.73267923,6.915968373,529.9582727
11/09/2015 0:10,17.59174579,7.949995,0.066003057,0.03979592,7.584764443,623.8940564,82.54843797,6.926921592,527.8489494
12/09/2015 0:10,17.69168169,7.845814869,0.06614054,0.039826625,7.716235182,632.3012539,84.21494797,6.984163347,526.4205882
13/09/2015 0:09,17.76114997,7.938256839,0.066015256,0.039717544,8.103795822,666.7722981,88.18192812,7.094634756,517.8713359
14/09/2015 0:09,18.090835,5.891930224,0.066166466,0.039652181,9.004257172,749.594167,97.11453923,7.182257457,518.173585
15/09/2015 0:14,17.02871102,8.019818855,0.065024047,0.039579581,7.435060384,625.7178312,79.52969602,6.971378174,528.9022916
16/09/2015 0:09,17.02694276,7.927912185,0.064786006,0.039465936,7.760848329,659.276237,82.41074295,6.986454231,521.7477188
17/09/2015 0:10,16.79568392,7.963830079,0.064557028,0.039458209,7.859597605,675.5237427,82.67135281,7.007504955,524.7437327
18/09/2015 0:10,16.38991421,7.83336131,0.064798411,0.039820583,7.328820345,632.6172036,76.80682868,6.927790417,517.891612
19/09/2015 0:10,16.1734707,8.121736743,0.064731046,0.039911674,7.027080497,610.3088521,73.2639652,6.887451943,512.9856953
20/09/2015 0:10,16.37795366,7.960885944,0.064902877,0.039911704,7.39820152,638.4981549,77.54036314,7.00175119,499.4131477
21/09/2015 0:10,16.4945903,7.925228497,0.06494026,0.039854659,7.737555249,664.6382724,81.4142928,7.074678717,500.9694745
22/09/2015 0:10,16.53687022,8.030355894,0.065007508,0.039869212,7.986297039,686.7560825,83.9593854,7.13557286,494.0439247
23/09/2015 0:10,16.30219288,8.037767236,0.064747914,0.039840753,7.722243431,667.6389416,80.81942665,7.074451517,509.3641354
24/09/2015 0:10,16.0633441,7.954990831,0.065054429,0.040141853,7.347764808,640.0646197,76.41406628,6.941604695,505.8548318
25/09/2015 0:09,15.75357432,8.160371013,0.064348079,0.039924689,7.008973146,613.3807242,72.59312459,6.898144662,510.7006735
26/09/2015 0:11,15.86895102,7.832360798,0.064168899,0.039768625,7.21554244,634.0082235,74.47054298,6.905672792,504.8701525
27/09/2015 0:10,15.7064241,8.028764113,0.063995706,0.039756514,6.992584853,615.8256779,72.02200688,6.883471768,510.9005277
28/09/2015 0:10,15.68745591,7.570844663,0.063812512,0.039661977,7.09732568,627.4205341,72.85181619,6.869807215,510.5561048
29/09/2015 0:10,15.50597196,7.846425182,0.06352158,0.039606903,6.805661602,603.8044966,69.6307409,6.842863852,504.2226397
30/09/2015 0:10,15.3260778,8.030389491,0.063269698,0.039564006,6.457600302,574.7796637,65.86973872,6.810710237,517.5132788
01/10/2015 0:10,15.58705328,7.941072978,0.06337959,0.039477702,7.289904084,646.6361486,74.60060842,6.927987354,506.2766815
02/10/2015 0:10,15.54504198,8.051884542,0.063746271,0.039710813,7.298697151,647.3677499,74.69489277,6.936211361,502.4718944
03/10/2015 0:09,15.49683565,7.930924374,0.063480212,0.039593832,7.440754123,662.1815198,75.91456442,6.963693464,498.7719876
04/10/2015 0:10,15.23837085,7.985257628,0.063485356,0.039721922,7.133132439,637.6258509,72.47339421,6.838091883,510.8093086
05/10/2015 0:10,15.29329039,8.304878838,0.062977338,0.039420681,7.458010638,667.5782352,75.68072814,6.998500775,495.9071314
06/10/2015 18:50,15.83057805,3.961139864,0.063024227,0.039142091,9.012021955,809.4469521,91.12023132,7.113580591,537.5862482
07/10/2015 0:14,14.95963573,9.479257212,0.06317585,0.039704389,7.093425628,639.045716,71.54068379,6.906023956,513.6237183
08/10/2015 0:10,14.97786702,7.822488104,0.063533585,0.039913678,7.197108137,650.106504,72.38148128,6.883924153,495.1121464
09/10/2015 0:12,15.03792179,7.732938879,0.063358302,0.039776714,7.271427258,656.0933396,73.20661949,6.909918533,495.1162688
10/10/2015 0:12,15.00909153,7.719416343,0.063464569,0.039860989,7.179928232,647.7058215,72.29555192,6.87920537,500.8990861
11/10/2015 0:12,14.95716477,7.867209563,0.063700273,0.040016798,7.103026016,641.5908992,71.43301762,6.823917858,501.2006829
12/10/2015 0:13,14.98846358,7.457163107,0.064012379,0.040158904,6.585187542,597.947498,65.85961425,6.788679763,521.9094478
13/10/2015 15:27,15.11257894,3.243102714,0.059693371,0.037663743,8.041942743,733.3164551,80.07158406,7.031962486,487.9093209
14/10/2015 0:05,14.89191164,4.685127532,0.060214973,0.03806073,7.610795279,697.2434115,75.41678023,7.019011613,487.1347005
15/10/2015 0:14,14.00308218,9.205808073,0.060709241,0.038827778,5.749294364,530.7586901,56.50106614,6.869682433,469.7030682
16/10/2015 0:02,14.02144999,7.891539839,0.060745683,0.038824317,6.476644189,600.0444246,63.38212311,6.943663017,504.0456891
17/10/2015 0:09,13.79674002,7.926180205,0.060797506,0.038981494,6.236365301,580.1913753,60.72842226,6.93095775,497.5188051
18/10/2015 0:09,13.66691274,7.888401034,0.060643933,0.038948855,6.070893011,566.220174,58.93343772,6.904674352,509.9962395
19/10/2015 0:10,13.53227402,7.85253103,0.060365689,0.038862305,6.078881927,568.3893555,58.82302401,6.929020841,510.2579397
20/10/2015 0:08,13.52804282,7.907851461,0.060073612,0.038694876,6.405945618,599.4229821,61.93228923,6.981913315,496.9571027
21/10/2015 0:08,13.31725634,7.834525616,0.05965448,0.038558198,6.491389582,610.4968048,62.34647398,6.995913294,503.4469815
22/10/2015 0:08,13.15565467,7.917073225,0.059679197,0.03865814,6.350343281,599.1498465,60.73202947,6.985680157,504.529031
23/10/2015 0:01,13.07594424,7.936278146,0.05967436,0.03869364,6.463030382,610.5876255,61.69489352,6.978373815,517.234786
24/10/2015 0:08,13.00993091,7.965142855,0.060212061,0.039043587,6.52638262,617.5482119,62.16105829,6.94545867,516.5953159
25/10/2015 0:08,12.96668944,7.939562811,0.059933944,0.038901356,6.434944517,609.2779719,61.23015803,6.945192117,527.4657106
26/10/2015 0:08,12.98506539,7.800829385,0.059081983,0.038390352,6.8627,649.705791,65.30660116,7.047687318,517.9341753
27/10/2015 0:09,13.16871537,7.949510307,0.058907721,0.038191201,7.325572793,691.3196465,70.02999264,7.176959793,532.9361116
28/10/2015 0:09,13.01465896,7.825301112,0.058354754,0.037940497,7.812174911,739.9458796,74.31186325,7.245988911,532.7988336
29/10/2015 0:09,12.87295732,7.910308397,0.058245274,0.037949709,7.735775531,734.278901,73.34804519,7.20749748,535.2177533
30/10/2015 0:09,12.82112888,7.798937773,0.058571727,0.038170273,7.504809619,712.7170566,71.0953354,7.126436602,538.5802997
31/10/2015 0:09,12.76044336,7.594232251,0.058581673,0.038205392,7.515748708,714.6630649,71.06557171,7.064998088,541.6291125
01/11/2015 0:08,12.64240336,8.007278327,0.058379661,0.038151435,7.232454714,688.6870341,68.24088565,7.115814845,532.9094376
02/11/2015 0:08,12.51487841,7.935492176,0.057920545,0.037944381,7.054960778,673.0761164,66.35944206,7.078925767,537.6889666
03/11/2015 0:08,12.35817853,7.839133702,0.057592028,0.037826674,7.244370534,692.918742,67.86211933,7.134719966,533.0463806
04/11/2015 0:08,12.29097918,7.838138773,0.057558938,0.03784429,7.364484102,705.0302183,68.88245839,7.063915023,539.56183
05/11/2015 0:09,12.25829768,7.745300045,0.057411843,0.037771989,7.349795371,703.8507632,68.69897764,7.153789702,531.7164797
06/11/2015 0:09,12.23045914,6.857270901,0.057158,0.037622864,7.413322284,709.8670918,69.26985884,7.094980685,529.3011806
07/11/2015 0:08,12.21860607,7.89222822,0.057439096,0.037800966,7.212470678,690.6226704,67.40842324,6.992931689,536.0704198
08/11/2015 0:09,12.18993081,7.888022809,0.05719773,0.037670955,7.138108213,683.760062,66.66759709,6.99281986,536.3803714
09/11/2015 0:08,12.28435063,7.853634877,0.057509184,0.037810458,7.375400117,705.5985261,69.03830172,6.987028676,535.7148151
10/11/2015 0:08,12.26186766,7.931748161,0.057365483,0.037731511,7.429514594,710.906408,69.51727533,6.95614375,542.2328912
11/11/2015 0:09,12.19226091,7.871097859,0.057155107,0.037644638,7.432352672,711.8331218,69.43412653,6.949615034,543.7467133
12/11/2015 0:09,12.09269026,7.962778644,0.057033194,0.037623072,7.143214783,685.0165586,66.58545597,6.927967072,540.9284644
13/11/2015 0:09,12.03641165,7.914731074,0.056833097,0.037534767,7.260412528,696.9248754,67.56804368,6.937888341,541.7503319
14/11/2015 0:08,11.97226006,7.862492795,0.056783909,0.037537398,7.206559813,692.4257975,66.95183278,6.929298528,542.6293668
15/11/2015 0:09,11.95258459,7.709908569,0.056513971,0.037383448,7.196589184,691.4514909,66.85339998,6.945369023,537.6827161
16/11/2015 0:09,11.88226389,7.922237669,0.056114792,0.037176022,7.144104146,686.9495818,66.26495024,6.945109989,535.0923315
17/11/2015 0:08,11.76065365,7.891708705,0.056065898,0.037211642,7.031957528,677.1324754,65.04642257,6.927127665,535.6265602
18/11/2015 0:09,11.69758723,7.663171185,0.056063607,0.037243486,7.148855173,688.9047081,66.02175727,6.922469445,535.9585123
19/11/2015 0:08,11.71090778,7.663197851,0.056150491,0.03728741,7.07310372,681.1926614,65.38398476,6.917739882,537.396277
20/11/2015 0:05,11.70404368,4.597065598,0.055837737,0.037106167,7.653416222,737.5462011,70.64710485,7.099891825,526.1867578
21/11/2015 0:07,11.49728548,4.116833334,0.055602337,0.037068579,7.604909425,734.5586879,69.85514939,7.075721649,530.4400908
22/11/2015 0:00,11.1051933,3.833624322,0.055221529,0.03703635,7.27128067,705.0580029,66.18780884,7.001656847,531.0493509
23/11/2015 0:00,10.78315763,3.905802996,0.054744837,0.03690621,7.205414337,700.6398074,65.09905207,6.957199643,531.331826
24/11/2015 0:00,10.51279672,3.947113552,0.054374092,0.036814138,7.210469686,702.5895078,64.73477675,6.968676961,532.831933
25/11/2015 0:00,10.25223466,3.908535663,0.054056556,0.03674911,7.299540442,712.5001641,65.13512696,7.016485093,529.9233096
26/11/2015 0:00,10.04869622,3.890890228,0.053801026,0.036692942,7.347378317,718.0137375,65.24935592,6.94593388,532.7898288
27/11/2015 0:00,9.917472163,3.880184226,0.053859505,0.036799587,7.390616345,722.7275589,65.43075946,6.849208137,533.8686367
28/11/2015 0:00,9.770877802,3.921631763,0.053659348,0.036748677,7.437379872,727.7975232,65.61655817,6.830732834,536.1124054
29/11/2015 0:00,9.521313338,3.99319194,0.05393872,0.037063333,7.437550285,728.5235663,65.23060057,6.766038944,540.9814408
30/11/2015 0:00,9.352123609,4.010247004,0.053363181,0.03678032,7.441548074,729.2863124,65.00278103,6.764055777,541.3665264
01/12/2015 0:00,9.011990007,3.976186867,0.053396015,0.036987193,7.414090864,727.0765596,64.2381763,6.733636117,545.3205139
02/12/2015 0:00,8.815314918,3.970554247,0.052558649,0.036540969,7.451377159,730.8655318,64.25623269,6.800084868,536.3211991
03/12/2015 0:00,8.78526127,3.985060414,0.052585434,0.036575151,7.486477247,734.3125392,64.51290799,6.741442653,541.8175535
04/12/2015 0:00,8.659918059,7.297861313,0.05256117,0.036624839,7.462981014,732.3315203,64.11694932,6.690084297,546.7627837
05/12/2015 0:00,8.612332405,9.800678301,0.052323847,0.036491428,7.495468308,735.766267,64.32093148,6.729600714,537.8287866
06/12/2015 0:00,8.520690279,9.457031094,0.052536302,0.03668369,7.472760615,733.4624518,63.98442888,6.691458327,544.146812
07/12/2015 0:00,8.351723181,4.210217832,0.052266816,0.036598389,7.418019258,727.4314622,63.25676676,6.674992653,554.6380243
08/12/2015 0:00,8.307687741,4.152999216,0.051817904,0.036320795,7.451936565,730.7016108,63.47789309,6.717552459,545.2579544
09/12/2015 0:00,8.268349001,4.146951284,0.052476993,0.036786021,7.444275678,729.9001783,63.35231312,6.668462054,547.6378245
10/12/2015 0:00,8.141690371,4.126254066,0.052386243,0.036795433,7.393440442,724.7151284,62.72595078,6.642106348,550.5297004
11/12/2015 0:00,7.991982168,4.006861198,0.051868489,0.036527847,7.331305849,718.3153994,61.97147004,6.622241726,552.270214
12/12/2015 0:00,7.874606524,3.379433512,0.052351244,0.036922933,7.245681591,709.5938159,61.07111439,6.600086148,552.6216265
13/12/2015 0:00,NAN,NAN,NAN,NAN,NAN,NAN,NAN,NAN,NAN
14/12/2015 0:00,NAN,NAN,NAN,NAN,NAN,NAN,NAN,NAN,NAN
15/12/2015 0:00,NAN,NAN,NAN,NAN,NAN,NAN,NAN,NAN,NAN
16/12/2015 15:13,7.791815205,2.907570175,0.051503712,0.036390885,7.364989084,721.0007018,61.95061598,6.668217349,546.7153411
17/12/2015 0:00,7.70340271,2.873950428,0.052050598,0.036814653,7.317200785,716.0556277,61.41537447,6.630697932,553.2320257
18/12/2015 0:00,7.641439667,2.870766271,0.051132056,0.036220037,7.314314846,715.5682185,61.29783135,6.653228266,542.1963183
19/12/2015 0:00,NAN,NAN,NAN,NAN,NAN,NAN,NAN,NAN,NAN
20/12/2015 1:08,7.51805,2.71845,0.050449,0.0358175,7.30945,714.64,61071,6.46765,516145
21/12/2015 1:08,NAN,NAN,NAN,NAN,NAN,NAN,NAN,NAN,NAN
22/12/2015 1:08,NAN,NAN,NAN,NAN,NAN,NAN,NAN,NAN,NAN
23/12/2015 1:08,NAN,NAN,NAN,NAN,NAN,NAN,NAN,NAN,NAN
24/12/2015 1:08,NAN,NAN,NAN,NAN,NAN,NAN,NAN,NAN,NAN
25/12/2015 1:08,NAN,NAN,NAN,NAN,NAN,NAN,NAN,NAN,NAN
26/12/2015 1:08,NAN,NAN,NAN,NAN,NAN,NAN,NAN,NAN,NAN
27/12/2015 1:08,NAN,NAN,NAN,NAN,NAN,NAN,NAN,NAN,NAN
28/12/2015 14:06,6.881832136,4.424899042,0.049257945,0.035267677,9.141770659,709.6633333,75.1872515,6.679193613,516.660479
29/12/2015 0:00,6.873904775,4.195863293,0.049551126,0.035540894,10.44934498,711.7749751,85.9218154,6.724242124,526.0127014
30/12/2015 0:00,6.820583167,4.227472325,0.049619429,0.035617879,10.51351641,715.83097,86.3343873,6.739747718,536.637582
31/12/2015 0:00,6.804617618,4.14973495,0.049698041,0.035681999,10.58149429,720.3551997,86.85821683,6.760783666,537.0478103
