indice,Imp_Cons_03,Imp_Cons_08,Imp_Cons_09,Imp_Sal_07,Imp_Sal_08,Imp_Sal_09,Imp_Sal_10,Imp_Sal_19,Imp_Sal_21,Num_Oper_06,Socio_Demo_03,Imp_Sal_20,Num_Oper_05
0,0.0,0.0,0.0,0.0,532.533333,532.533333,90.06,0.0,854.0,1.0,64.25,24862.86,6.0
1,629.166667,0.0,0.0,0.0,781.703333,637.7,0.0,182.426667,667.05,1.0,70.89,0.0,8.0
2,1039.166667,18.0,0.0,0.0,1024.623333,1243.873333,56.923333,30372.686667,29706.336667,1.0,38.34,0.0,7.0
3,90.0,39.53,83.020833,0.0,2032.053333,1545.596667,206.716667,1374.02,11459.223333,4.0,69.91,6089.04,26.0
4,469.166667,36.120833,140.479091,0.0,1123.06,1144.983333,144.01,52.55,441.77,3.0,44.56,0.0,34.0
5,560.0,0.0,0.0,0.0,839.583333,935.21,56.64,110.356667,112.746667,2.0,47.1,0.0,5.0
6,0.0,0.0,0.0,0.0,1490.583333,1357.0,446.573333,77764.563333,89994.106667,2.0,74.57,1356.76,14.0
7,902.0,0.0,0.0,0.0,1562.353333,1723.403333,198.98,477.013333,141.78,3.0,57.46,1085.906667,4.0
8,720.833333,138.898333,0.0,0.0,4036.563333,3359.993333,608.403333,1874.896667,11580.006667,2.0,59.23,562.67,38.0
9,100.0,15.833333,0.0,0.0,114.923333,377.15,70.7,16199.006667,18144.333333,1.0,45.81,0.0,4.0
10,0.0,0.0,0.0,0.0,460.726667,374.183333,0.0,2336.056667,2557.0,1.0,15.75,0.0,5.0
11,338.75,37.253333,61.3,0.0,1735.96,1635.923333,209.68,504.723333,533.186667,5.0,39.84,93413.8,15.0
12,0.0,0.0,0.0,0.0,560.78,671.39,73.926667,90700.026667,90843.37,2.0,62.6,0.0,9.0
13,0.0,0.0,0.0,0.0,736.81,666.666667,161.66,1738.953333,8629.07,1.0,42.97,85427.616667,4.0
14,0.0,17.38,0.0,0.0,643.256667,744.6,6.82,28112.473333,29331.793333,2.0,67.79,48.2,5.0
15,257.5,211.8975,49.921429,0.0,4585.44,4757.84,172.86,3136.336667,2124.406667,5.0,36.65,12201.26,39.0
16,95.0,0.0,37.38,0.0,516.53,509.833333,0.0,81.14,112.703333,1.0,24.53,0.0,23.0
17,343.333333,32.5,8.9,0.0,16342.556667,24048.856667,41478.32,125312.23,145885.046667,6.0,45.52,711.036667,26.0
18,0.0,0.0,0.0,0.0,1351.593333,741.006667,1321.823333,16540.993333,17577.063333,2.0,58.09,132.2,8.0
19,0.0,0.0,0.0,0.0,3595.596667,1820.01,834.156667,32878.91,34811.143333,6.0,79.45,0.0,10.0
20,418.333333,0.0,0.0,0.0,431.666667,430.27,0.0,6.163333,70.806667,1.0,61.04,0.0,3.0
21,0.0,0.0,0.0,0.0,1175.27,933.686667,375.38,39984.173333,42774.843333,2.0,89.39,850.266667,11.0
22,0.0,0.0,0.0,0.0,21.266667,0.0,0.0,-440.3,122.0,0.0,44.21,77565.523333,1.0
23,0.0,0.0,0.0,0.0,1152.846667,954.47,84.145,266.9,218.73,8.0,34.7,0.0,7.0
24,0.0,0.0,0.0,0.0,204.81,607.05,98.43,625.283333,650.783333,2.0,30.59,0.0,3.0
25,200.0,78.562727,42.5,0.0,2381.28,2337.53,353.756667,1754.323333,14050.14,5.0,46.62,94365.586667,36.0
26,0.0,0.0,0.0,0.0,569.083333,802.416667,0.0,366.666667,535.77,1.0,37.26,0.0,4.0
27,0.0,0.0,0.0,0.0,140.0,142.86,0.0,2.86,104.493333,0.0,35.58,0.0,2.0
28,0.0,0.0,0.0,0.0,1827.71,1775.106667,243.216667,19251.343333,23820.663333,1.0,43.73,89115.43,10.0
29,0.0,0.0,0.0,0.0,1320.583333,5455.2,518.626667,125312.386667,122607.27,7.0,74.7,758.57,8.0
30,0.0,0.0,0.0,0.0,956.67,1260.136667,191.973333,5118.89,12055.51,3.0,79.21,850.266667,6.0
31,498.181818,29.756667,64.65,0.0,1104.13,1103.046667,0.0,6.81,107.146667,1.0,35.81,0.0,11.0
32,356.0,216.818182,0.0,0.0,550.28,847.176667,94.94,57512.11,58691.566667,1.0,42.61,0.0,11.0
33,267.5,0.0,0.0,0.0,1637.746667,1586.423333,171.95,-1158.843333,183.253333,3.0,61.63,3375.113333,6.0
34,0.0,0.0,0.0,0.0,261.666667,261.79,0.0,0.86,11.79,1.0,38.94,0.0,2.0
35,0.0,0.0,0.0,0.0,1170.51,1180.23,366.54,51.756667,1903.946667,4.0,44.65,132706.563333,8.0
36,721.666667,28.533333,140.91875,0.0,5973.833333,7980.553333,1108.736667,66196.946667,131174.6,6.0,70.93,646.57,24.0
37,50.0,0.0,0.0,0.0,219.97,383.733333,69.89,17839.17,58743.896667,2.0,80.97,403.226667,5.0
38,1304.166667,0.0,0.0,0.0,525.466667,462.513333,119.125,-47.666667,5.686667,1.0,51.32,262.236667,9.0
39,0.0,0.0,0.0,0.0,1268.903333,1380.65,18951.05,494.9,1294.856667,2.0,68.26,58878.763333,9.0
40,250.909091,66.57,63.022857,0.0,4776.35,3691.306667,1946.253333,2176.133333,2556.143333,2.0,58.92,49055.6,53.0
41,134.0,0.0,0.0,0.0,1077.46,1038.93,85.56,1213.396667,1880.02,1.0,53.38,0.0,3.0
42,455.0,86.093333,60.0,0.0,1102.253333,1445.16,15.016667,11011.223333,16139.533333,1.0,34.39,0.0,23.0
43,261.666667,39.685,22.716667,0.0,1677.273333,1753.03,246.246667,715.543333,476.426667,3.0,29.17,0.0,22.0
44,526.363636,51.985,42.183333,0.0,261.926667,261.466667,0.0,130.866667,96.393333,1.0,24.07,194.8,8.0
45,0.0,0.0,41.7,0.0,6722.526667,6493.973333,2179.66,877.206667,1997.703333,3.0,72.37,0.0,28.0
46,561.0,52.45,201.5125,0.0,8650.426667,8796.893333,1982.63,2151.653333,7267.233333,15.0,60.75,112659.24,63.0
47,413.0,18.823333,16.475,0.0,306.813333,306.99,76.005,1.01,16.963333,5.0,58.01,0.0,10.0
48,0.0,0.0,0.0,0.0,1159.996667,880.68,133.266667,1930.113333,2130.666667,2.0,93.91,0.0,8.0
49,0.0,0.0,0.0,0.0,733.356667,776.566667,0.0,33405.54,34502.48,1.0,39.08,0.0,2.0
50,118.888889,62.193636,69.6,0.0,1344.19,1212.79,329.643333,1841.673333,1404.036667,1.0,74.14,2278.456667,19.0
51,402.5,114.171429,175.970833,0.0,7864.526667,5770.363333,847.58,28959.436667,76284.67,3.0,62.81,1414.886667,57.0
52,0.0,17.508333,0.0,0.0,684.74,0.0,18.073333,27804.26,31294.74,0.0,71.5,0.0,2.0
53,0.0,0.0,0.0,0.0,582.2,897.57,179.663333,90200.576667,90389.69,2.0,83.51,0.0,3.0
54,0.0,0.0,0.0,0.0,2194.883333,2322.333333,6405.226667,802.783333,17751.07,3.0,56.76,55808.27,14.0
55,387.5,54.2625,55.924,0.0,8431.076667,2844.99,529.473333,1160.056667,5503.733333,8.0,57.22,59448.43,54.0
56,0.0,0.0,0.0,0.0,634.883333,638.3,61.323333,2664.63,2478.22,1.0,73.85,637.7,10.0
57,841.25,0.0,133.226667,0.0,941.666667,1248.293333,31.64,677.196667,170.016667,1.0,63.59,1248.293333,4.0
58,0.0,0.0,0.0,0.0,74.163333,0.0,83.126667,33036.056667,33117.94,0.0,55.37,0.0,2.0
59,203.636364,134.505833,0.0,0.0,1692.83,2817.653333,994.073333,1916.303333,10056.46,3.0,60.71,991.55,33.0
60,400.0,0.0,0.0,0.0,3980.08,5975.0,1251.676667,44735.296667,86625.716667,3.0,67.66,0.0,16.0
61,0.0,0.0,0.0,0.0,3083.46,3936.153333,349.42,4945.883333,6341.736667,4.0,55.73,360.65,49.0
62,411.111111,0.0,0.0,0.0,1414.943333,1172.32,492.893333,697.746667,831.413333,2.0,72.88,637.7,12.0
63,0.0,0.0,0.0,0.0,0.0,467.303333,20.26,16656.396667,16380.32,2.0,38.46,0.0,0.0
64,0.0,0.0,0.0,0.0,1698.983333,1528.24,145.255,80353.326667,81417.453333,1.0,58.77,0.0,2.0
65,0.0,0.0,0.0,0.0,577.35,577.333333,569.62,0.393333,0.583333,2.0,42.38,0.0,3.0
66,0.0,0.0,0.0,0.0,581.27,482.9,51.4,11376.593333,17757.393333,1.0,53.85,0.0,14.0
67,0.0,0.0,0.0,0.0,1066.8,3654.106667,1054.983333,39611.486667,49889.653333,3.0,40.41,34668.68,11.0
68,415.833333,109.7,0.0,0.0,2102.923333,2101.636667,447.396667,5.92,109.753333,20.0,55.2,1232.19,39.0
69,0.0,0.0,0.0,0.0,0.04,0.0,0.0,0.0,122.02,0.0,72.34,0.0,0.0
70,210.0,0.0,0.0,0.0,1661.7,3.603333,79.33,23988.963333,25212.9,0.0,36.51,0.0,14.0
71,0.0,0.0,0.0,0.0,0.023333,0.12,0.0,7036.14,7036.093333,0.0,12.03,0.0,0.0
72,877.777778,48.3,469.030833,0.0,3744.23,2794.49,1512.17,2690.58,11651.14,3.0,77.14,1710.493333,32.0
73,221.0,59.206,15.76875,0.0,1574.68,977.823333,775.62,971.17,7404.896667,2.0,34.67,523.616667,32.0
74,0.0,0.0,0.0,0.0,1015.24,1052.48,63.69,537.22,293.553333,2.0,25.47,0.0,9.0
75,150.0,0.0,0.0,0.0,1689.916667,1597.596667,214.09,366.783333,368.146667,4.0,50.0,110914.88,25.0
76,0.0,91.205,121.76,0.0,6421.39,5589.576667,1908.36,562.6,489.48,8.0,75.16,822.543333,28.0
77,0.0,0.0,0.0,0.0,610.016667,674.52,276.616667,3576.29,15055.746667,3.0,66.27,0.0,9.0
78,0.0,0.0,0.0,0.0,1405.226667,1347.676667,77.38,134.793333,520.22,1.0,27.58,0.0,5.0
79,386.666667,24.35,0.0,0.0,6206.836667,6233.33,2893.676667,3152.156667,3147.906667,3.0,45.37,99371.28,27.0
80,352.222222,55.0,0.0,0.0,2427.383333,1003.88,203.18,1328.473333,784.44,1.0,37.22,512.15,36.0
81,0.0,0.0,0.0,0.0,83.333333,33.333333,0.0,7922.47,7970.32,0.0,8.71,0.0,1.0
82,1065.0,109.390833,0.0,0.0,2319.033333,2368.253333,500.323333,252.36,955.136667,5.0,40.18,106315.666667,51.0
83,1556.666667,21.916667,37.5,0.0,1266.96,811.39,100.796667,14421.103333,14654.976667,1.0,47.53,0.0,15.0
84,0.0,0.0,0.0,0.0,485.803333,1473.476667,88.58,8332.503333,8420.273333,3.0,27.96,0.0,3.0
85,1079.166667,26.031818,0.0,0.0,1403.883333,1550.623333,190.8,1096.84,292.68,2.0,57.79,4813.146667,16.0
86,436.363636,9.0375,9.8,0.0,0.096667,0.0,0.0,0.0,0.15,0.0,30.67,0.0,0.0
87,0.0,0.0,0.0,0.0,690.666667,688.44,0.0,0.54,1.6,1.0,33.99,0.0,2.0
88,0.0,29.775,0.0,0.0,3265.86,2800.173333,404.26,2497.85,2609.686667,2.0,55.36,127786.98,24.0
89,829.166667,142.803333,0.0,0.0,1929.463333,2215.366667,212.066667,16915.713333,17726.103333,2.0,35.2,0.0,29.0
90,629.166667,0.0,166.9,0.0,6564.326667,6254.116667,596.533333,9641.01,61797.093333,3.0,61.32,191.243333,24.0
91,0.0,0.0,0.0,0.0,246.983333,245.37,0.0,0.0,85.826667,0.0,24.31,0.0,1.0
92,0.0,0.0,0.0,0.0,842.343333,831.746667,366.006667,591.16,499.69,1.0,46.97,831.746667,5.0
93,0.0,0.0,0.0,0.0,2992.983333,1413.256667,10959.75,12775.236667,72558.586667,3.0,57.12,425.62,15.0
94,268.75,59.5575,95.86,0.0,5331.816667,2036.2,201.856667,13927.153333,87105.18,2.0,62.35,0.0,14.0
95,0.0,0.0,0.0,0.0,1840.003333,1520.693333,654.783333,39536.44,57985.836667,1.0,58.58,167572.596667,13.0
96,300.0,0.0,0.0,0.0,818.13,637.7,120.87,15507.696667,15190.383333,1.0,82.68,637.7,4.0
97,0.0,0.0,0.0,0.0,1578.556667,1318.833333,307.696667,15676.226667,28388.423333,10.0,82.24,0.0,5.0
98,0.0,0.0,0.0,0.0,2009.806667,1482.53,84.986667,11079.68,11339.083333,3.0,87.36,0.0,4.0
99,0.0,0.0,0.0,0.0,295.0,296.0,90.0,3.34,2.89,0.0,34.14,0.0,1.0
100,0.0,0.0,0.0,0.0,5059.826667,5107.74,1145.7,652.41,1101.57,5.0,54.72,5919.21,14.0
101,0.0,0.0,0.0,0.0,2462.073333,1835.206667,922.2,4910.306667,12235.32,4.0,52.23,0.0,23.0
102,880.0,0.0,0.0,0.0,684.8,684.286667,0.0,3.16,11.283333,1.0,40.23,0.0,3.0
103,0.0,40.0,88.535714,0.0,2662.536667,1513.75,309.76,7789.773333,15569.05,1.0,53.48,116242.453333,13.0
104,0.0,0.0,0.0,0.0,169.35,52.1,113.623333,14687.586667,14730.456667,1.0,87.64,0.0,5.0
105,0.0,0.0,0.0,0.0,1349.85,1561.276667,763.73,4277.79,4274.176667,3.0,49.88,0.0,17.0
106,227.0,92.7,33.45,0.0,1637.606667,1634.066667,223.553333,21987.066667,37675.56,2.0,33.7,0.0,11.0
107,232.5,26.0,0.0,0.0,2024.53,2384.633333,324.243333,1513.366667,1826.293333,2.0,40.05,0.0,31.0
108,732.0,0.0,0.0,0.0,70.0,73.166667,0.0,3.166667,68.093333,0.0,34.58,0.0,0.0
109,562.5,20.0,0.0,0.0,1405.77,1878.883333,342.47,18090.54,18185.446667,1.0,33.26,64168.633333,14.0
110,500.0,78.545,0.0,0.0,3016.536667,6561.273333,269.736667,59573.163333,98126.36,2.0,75.39,58.59,8.0
111,0.0,0.0,0.0,0.0,418.956667,265.873333,0.0,15.776667,58.85,1.0,31.96,0.0,2.0
112,196.0,32.5,87.4,0.0,1486.563333,2346.353333,562.356667,40789.673333,156759.216667,5.0,40.67,0.0,32.0
113,375.0,38.333333,0.0,0.0,51.92,1002.18,213.54,54347.063333,60500.346667,1.0,35.72,0.0,1.0
114,0.0,0.0,0.0,0.0,0.0,462.906667,0.0,9840.486667,10854.23,1.0,53.43,0.0,0.0
115,0.0,0.0,0.0,0.0,809.146667,646.83,536.393333,2548.906667,2860.11,2.0,87.63,0.0,3.0
116,0.0,0.0,0.0,0.0,745.0,740.56,0.0,6.146667,6.296667,1.0,84.24,0.0,1.0
117,0.0,0.0,0.0,0.0,362.126667,333.333333,174.543333,1394.24,1438.193333,0.0,74.69,0.0,5.0
118,0.0,0.0,0.0,0.0,915.413333,1431.613333,206.376667,8679.05,9135.393333,7.0,100.65,0.0,6.0
119,0.0,0.0,0.0,0.0,1645.493333,1496.34,0.0,2309.37,2990.513333,3.0,49.33,92103.08,6.0
120,511.818182,0.0,35.957143,0.0,0.026667,0.0,101.26,-0.05,61.006667,0.0,22.05,0.05,1.0
121,928.333333,0.0,0.0,0.0,0.903333,46.0,0.0,46.0,25.975,0.0,29.58,0.0,0.0
122,442.0,70.020909,118.55,0.0,3464.593333,4520.863333,369.446667,35070.963333,35308.47,4.0,39.22,91277.63,40.0
123,0.0,0.0,134.8,0.0,1384.4,1884.983333,840.896667,11549.173333,17510.74,5.0,73.28,192.17,15.0
124,0.0,0.0,33.6,0.0,580.206667,480.873333,0.0,1.05,50.913333,1.0,27.48,0.0,8.0
125,0.0,0.0,0.0,0.0,426.96,535.253333,0.0,654.863333,686.17,1.0,22.17,0.0,6.0
126,407.0,25.0,64.0,0.0,801.846667,690.5,110.563333,488.63,641.473333,1.0,35.51,0.0,10.0
127,171.428571,99.699167,15.713333,7665.41,604.216667,421.256667,1161.626667,0.0,244.0,1.0,58.96,58885.243333,6.0
128,0.0,0.0,0.0,0.0,2343.43,2344.286667,0.0,1141.276667,116.776667,2.0,40.0,0.0,3.0
129,527.5,25.316667,0.0,0.0,1859.113333,878.13,108.1,1131.663333,1806.366667,2.0,36.18,0.0,35.0
130,103.333333,0.0,0.0,0.0,2180.55,704.056667,572.466667,5307.176667,71312.916667,2.0,83.42,693.99,14.0
131,100.0,20.0,40.0,0.0,428.68,585.393333,236.183333,806.41,681.31,3.0,43.32,0.0,8.0
132,0.0,0.0,0.0,0.0,2465.186667,2666.583333,545.906667,7248.82,7938.0,2.0,52.58,0.0,14.0
133,0.0,0.0,0.0,0.0,6946.65,7518.363333,26.876667,3890.846667,34230.033333,2.0,83.48,850.266667,4.0
134,0.0,0.0,0.0,0.0,334.166667,334.653333,7.5,1.423333,84.276667,1.0,38.05,0.0,2.0
135,0.0,30.0,28.355,0.0,263.573333,524.506667,54.113333,8814.22,8753.136667,3.0,31.63,0.0,8.0
136,200.0,0.0,0.0,0.0,838.913333,850.266667,175.666667,303.366667,195.546667,1.0,66.75,850.266667,10.0
137,278.0,53.636364,76.0,0.0,2908.583333,1983.706667,318.87,4507.73,16590.943333,3.0,49.47,64647.173333,27.0
138,0.0,0.0,0.0,0.0,647.323333,654.366667,0.0,61.043333,174.86,1.0,25.35,0.0,8.0
139,990.833333,15.875,153.779167,0.0,1742.97,1769.41,108.48,1448.21,618.473333,3.0,45.63,2002.84,43.0
140,0.0,0.0,0.0,0.0,1593.993333,1527.813333,70.98,42.546667,12.38,1.0,88.43,1680.276667,4.0
141,0.0,0.0,0.0,0.0,762.0,1520.69,36.0,45806.716667,51804.933333,1.0,54.81,0.0,2.0
142,428.333333,76.91,139.425,0.0,1390.456667,1412.1,616.57,1162.91,394.563333,2.0,39.46,0.0,25.0
143,0.0,0.0,0.0,0.0,2838.596667,3144.773333,167.316667,117530.316667,117007.943333,3.0,64.22,1606.8,16.0
144,0.0,0.0,0.0,0.0,653.593333,829.7,659.875,13526.213333,55276.933333,2.0,92.1,828.68,2.0
145,353.333333,158.675833,54.175,0.0,1309.4,531.876667,69.466667,581.713333,25939.846667,1.0,33.7,485.21,16.0
146,0.0,0.0,0.0,0.0,588.333333,528.213333,0.0,1814.2,2052.983333,1.0,39.58,0.0,2.0
147,136.0,53.545,39.24,0.0,1690.74,1619.933333,276.09,278.59,234.906667,2.0,32.45,551.86,43.0
148,0.0,0.0,0.0,0.0,887.436667,917.386667,43.69,-94.966667,4.72,3.0,53.97,3036.243333,8.0
149,0.0,0.0,0.0,0.0,1372.346667,1221.216667,258.283333,1758.313333,29961.52,3.0,46.98,0.0,32.0
150,0.0,0.0,0.0,0.0,925.896667,924.283333,158.62,0.13,1.546667,3.0,35.32,0.0,5.0
151,0.0,54.525,153.033333,0.0,1269.603333,1508.11,469.52,29320.846667,31204.186667,2.0,72.77,0.0,12.0
152,0.0,0.0,0.0,0.0,2066.09,2093.306667,807.6,201.916667,8503.386667,4.0,53.77,47061.32,21.0
153,362.222222,0.0,0.0,0.0,469.273333,430.27,30.94,38.55,109.86,1.0,51.09,0.0,3.0
154,1116.666667,0.0,0.0,0.0,901.433333,901.433333,173.696667,0.0,1.66,2.0,41.71,0.0,6.0
155,515.454545,0.0,21.35,0.0,91.563333,85.133333,6.65,2.173333,3.923333,2.0,47.41,0.0,3.0
156,187.5,0.0,0.0,0.0,1468.143333,1637.013333,526.53,118.696667,323.363333,5.0,33.9,1145.786667,18.0
157,140.0,0.0,21.65,0.0,997.063333,996.736667,60.675,106.386667,114.67,4.0,29.97,0.0,27.0
158,405.833333,50.0,24.84,0.0,793.193333,526.306667,450.305,268.9,282.44,1.0,24.72,0.0,13.0
159,377.5,0.0,0.0,0.0,0.0,0.0,0.0,0.0,61.0,0.0,57.77,0.0,0.0
160,0.0,0.0,0.0,0.0,894.866667,1412.376667,161.013333,36344.82,36378.583333,3.0,74.62,0.0,4.0
161,1047.5,0.0,0.0,0.0,1011.046667,833.793333,121.206667,16.97,248.15,3.0,46.57,238.133333,13.0
162,350.0,98.415833,77.277273,0.0,2285.133333,2370.32,461.743333,9000.136667,16502.503333,6.0,41.5,123827.746667,30.0
163,0.0,39.0,76.875,0.0,818.863333,1210.863333,31998.52,11068.533333,59362.233333,3.0,72.84,396.2,8.0
164,0.0,0.0,0.0,0.0,1415.01,1087.59,93.626667,3385.466667,3449.396667,3.0,79.08,699.95,3.0
165,272.5,26.735714,0.0,0.0,2410.586667,2445.24,742.156667,286.57,2515.386667,3.0,41.68,0.0,29.0
166,0.0,0.0,0.0,0.0,492.966667,491.866667,50.0,3.04,5.863333,1.0,71.94,0.0,3.0
167,245.833333,45.101,40.7,0.0,582.973333,818.056667,341.336667,5500.586667,5443.78,3.0,32.05,0.0,18.0
168,1050.0,0.0,0.0,0.0,1525.543333,1525.506667,0.0,0.173333,183.306667,1.0,69.43,1525.506667,2.0
169,0.0,0.0,0.0,0.0,880.286667,889.746667,0.0,12.723333,18.986667,1.0,64.45,889.746667,1.0
170,113.333333,0.0,96.075,0.0,1671.846667,1181.533333,251.936667,1366.57,1925.913333,3.0,49.34,25590.536667,28.0
171,0.0,0.0,0.0,0.0,594.653333,621.44,140.38,-32.253333,66.693333,2.0,52.53,236.98,10.0
172,466.666667,72.695,58.6875,0.0,1670.313333,1348.9,91.753333,11461.716667,11109.22,1.0,42.57,0.0,17.0
173,253.333333,0.0,0.0,0.0,1722.743333,1573.253333,0.0,1181.93,18897.873333,2.0,24.6,0.0,5.0
174,0.0,0.0,0.0,0.0,1219.563333,1608.79,543.916667,1608.73,1234.69,2.0,59.81,1608.786667,2.0
175,125.0,75.369,63.614,0.0,3761.36,3642.793333,649.6,374.133333,2663.176667,7.0,51.84,368.9,33.0
176,110.0,0.0,86.05,0.0,5648.893333,2930.403333,208.45,2507.156667,1732.2,2.0,64.39,95089.263333,18.0
177,120.0,0.0,0.0,0.0,737.436667,731.35,56.326667,16.116667,133.266667,5.0,45.51,0.0,17.0
178,0.0,0.0,0.0,0.0,884.27,1353.12,149.27,12891.13,81157.386667,2.0,81.7,1330.68,6.0
179,0.0,0.0,0.0,0.0,393.666667,430.27,373.93,169.996667,280.03,1.0,55.21,0.0,3.0
180,0.0,0.0,0.0,0.0,10437.356667,10810.14,2625.64,33719.78,58567.593333,27.0,70.75,1838.26,31.0
181,0.0,0.0,0.0,0.0,1291.253333,982.713333,352.696667,40537.416667,40254.646667,2.0,77.35,850.266667,12.0
182,0.0,0.0,0.0,0.0,423.583333,424.03,0.0,0.446667,4.78,1.0,41.19,0.0,2.0
183,0.0,0.0,0.0,0.0,215.48,650.92,40.76,764.97,383.28,2.0,53.54,724.35,7.0
184,352.5,10.0,42.574,0.0,3623.93,3307.833333,913.46,7528.043333,27602.316667,4.0,76.99,224.19,22.0
185,0.0,0.0,0.0,0.0,45.316667,0.0,35.95,2019.743333,2048.81,0.0,90.94,0.0,1.0
186,41.666667,45.981818,12.95,0.0,219.683333,127.583333,197.066667,593.093333,662.623333,1.0,34.58,0.0,17.0
187,0.0,0.0,0.0,0.0,990.853333,605.1,109.136667,12396.56,13289.873333,1.0,73.21,605.1,4.0
188,385.833333,55.43,25.92,0.0,1721.32,2085.356667,782.95,1158.08,1265.01,4.0,49.43,0.0,18.0
189,0.0,0.0,0.0,0.0,1486.89,1486.89,270.52,10.0,10.0,7.0,72.5,897.97,7.0
190,0.0,23.333333,0.0,0.0,682.05,906.213333,531.43,3657.38,3663.6,2.0,55.59,0.0,11.0
191,0.0,0.0,0.0,0.0,431.07,430.27,48.03,2.91,6.336667,1.0,55.47,0.0,4.0
192,0.0,0.0,0.0,0.0,335.47,500.39,0.0,33555.33,33749.196667,1.0,75.29,72797.48,1.0
193,0.0,0.0,0.0,0.0,557.046667,541.866667,0.0,230.12,431.866667,2.0,66.58,0.0,2.0
194,0.0,0.0,0.0,0.0,360.44,281.81,10.616667,937.02,971.726667,1.0,23.69,0.0,9.0
195,173.333333,60.228333,131.225,0.0,2295.526667,1823.66,83.913333,2269.52,3868.736667,9.0,40.09,0.0,33.0
196,0.0,0.0,0.0,0.0,366.666667,423.4,0.0,15498.376667,15424.833333,1.0,16.95,0.0,2.0
197,0.0,0.0,0.0,0.0,396.556667,405.42,33.11,19.096667,19.02,1.0,70.85,0.0,2.0
198,0.0,0.0,0.0,0.0,483.683333,833.333333,0.0,5693.49,5552.703333,1.0,37.71,9285.02,4.0
199,0.0,0.0,0.0,0.0,1868.38,1877.223333,119.993333,1375.036667,5621.5,3.0,67.44,914.36,17.0
200,160.0,45.584,64.64,0.0,3224.916667,2093.46,626.516667,4389.373333,36601.006667,3.0,48.35,29271.966667,26.0
201,295.454545,167.032727,67.166667,0.0,816.516667,795.15,127.2,850.586667,750.59,2.0,72.75,0.0,12.0
202,0.0,0.0,0.0,0.0,1235.68,1177.696667,96.635,177.643333,115.866667,1.0,66.6,1061.03,8.0
203,0.0,0.0,0.0,0.0,602.333333,5663.313333,351.163333,11262.66,11667.1,2.0,57.75,0.0,1.0
204,802.727273,0.0,0.0,0.0,1018.333333,1240.833333,0.0,1103.473333,1100.726667,2.0,60.41,0.0,9.0
205,0.0,0.0,0.0,0.0,4006.26,10066.78,0.0,18973.96,29911.516667,2.0,79.82,0.0,1.0
206,540.0,0.0,0.0,0.0,493.083333,491.833333,0.0,1.583333,11.286667,1.0,24.8,0.0,3.0
207,0.0,0.0,0.0,0.0,1424.506667,1388.61,1208.38,49.183333,229.05,2.0,54.17,261100.056667,3.0
208,0.0,0.0,0.0,0.0,764.263333,1905.59,584.576667,31404.513333,30108.33,3.0,49.77,0.0,8.0
209,0.0,0.0,0.0,0.0,5685.886667,5187.826667,796.936667,2763.73,21407.366667,2.0,71.9,1187.58,10.0
210,590.0,20.0,0.0,0.0,1530.63,1507.626667,902.576667,132.143333,135.083333,2.0,63.07,1469.293333,9.0
211,466.666667,0.0,0.0,0.0,772.666667,889.17,153.743333,591.526667,232.473333,2.0,88.01,850.266667,10.0
212,0.0,0.0,0.0,0.0,913.333333,799.22,0.0,-275.483333,12.75,2.0,41.94,275.483333,5.0
213,630.833333,26.75,0.0,0.0,382.836667,340.316667,0.0,565.503333,688.883333,0.0,48.58,0.0,4.0
214,340.0,0.0,0.0,0.0,797.333333,798.166667,0.0,7.203333,95.81,3.0,59.99,456.333333,3.0
215,0.0,0.0,0.0,0.0,705.553333,705.663333,0.0,2.44,2.376667,2.0,22.4,0.0,2.0
216,0.0,0.0,0.0,0.0,105.0,1408.643333,0.0,7517.973333,6433.016667,2.0,15.71,0.0,1.0
217,0.0,0.0,0.0,0.0,810.906667,620.716667,88.386667,469.823333,25854.05,2.0,49.29,0.0,16.0
218,613.333333,36.254,0.0,0.0,1199.853333,1128.526667,620.94,49.4,403.333333,3.0,37.39,0.0,14.0
219,0.0,0.0,0.0,0.0,562.876667,563.023333,0.0,17.256667,10.233333,3.0,21.72,259.733333,5.0
220,471.428571,0.0,0.0,0.0,901.813333,1212.126667,63.286667,17044.766667,42449.873333,3.0,82.11,1193.6,5.0
221,0.0,0.0,0.0,0.0,2496.726667,2307.693333,239.636667,5309.13,4496.726667,4.0,67.87,5963.516667,14.0
222,774.285714,80.092857,60.808333,0.0,17607.043333,54967.726667,1294.35,87963.793333,75721.326667,9.0,42.27,97049.266667,42.0
223,252.727273,0.0,22.8,0.0,464.423333,466.133333,211.893333,108.55,76.826667,1.0,51.23,466.133333,6.0
224,0.0,0.0,0.0,0.0,2240.993333,4547.65,0.0,5946.0,35051.12,2.0,67.7,806.8,2.0
225,0.0,0.0,0.0,0.0,9906.82,1069.6,0.0,20525.643333,29113.513333,1.0,40.9,0.0,2.0
226,725.0,72.07,0.0,0.0,94.8,0.0,0.0,-221.473333,61.0,0.0,35.78,179397.235,3.0
227,510.833333,106.791667,10.7,0.0,2992.96,3038.693333,182.495,842.746667,774.43,9.0,28.59,3902.49,51.0
228,306.666667,0.0,0.0,0.0,4397.493333,872.866667,20.446667,17200.0,19219.036667,1.0,30.96,0.0,8.0
229,350.0,0.0,0.0,0.0,1448.923333,1200.79,299.41,8058.253333,9765.426667,2.0,66.81,2480.156667,14.0
230,566.666667,36.0,0.0,0.0,1118.1,1361.283333,158.33,1038.843333,632.7,1.0,50.08,0.0,12.0
231,0.0,0.0,0.0,0.0,17291.123333,17490.273333,372.8,21429.323333,54478.886667,3.0,71.17,806.8,16.0
232,0.0,0.0,0.0,0.0,891.083333,778.87,94.94,31.926667,214.943333,2.0,51.29,66269.89,18.0
233,0.0,0.0,0.0,0.0,75.106667,157.97,48.5,9163.47,65606.5,1.0,76.84,0.0,1.0
234,20.0,27.25,18.566667,0.0,5131.746667,4281.816667,544.46,1331.87,1762.853333,3.0,39.33,27867.676667,41.0
235,0.0,0.0,0.0,0.0,1231.373333,2345.87,51.27,3513.026667,3131.99,2.0,68.23,0.0,7.0
236,185.0,39.896,0.0,0.0,1558.23,1457.036667,294.683333,1521.66,3171.383333,3.0,55.29,0.0,20.0
237,199.090909,35.555556,20.92,0.0,1602.793333,2618.423333,0.0,1016.673333,499.95,1.0,37.15,0.0,23.0
238,0.0,0.0,0.0,0.0,55.933333,0.023333,44.59,0.023333,7.955,0.0,18.72,0.0,2.0
239,0.0,43.7525,214.075,0.0,47418.916667,46037.333333,567.603333,24385.52,159320.643333,4.0,73.85,1194.583333,14.0
240,0.0,0.0,0.0,0.0,1966.506667,989.546667,0.0,3989.01,4411.21,1.0,39.81,0.0,3.0
241,595.833333,58.127273,60.5,0.0,5697.963333,5638.44,254.386667,1313.296667,1018.893333,4.0,49.25,81128.22,35.0
242,0.0,0.0,0.0,0.0,1235.283333,1221.636667,675.226667,119.44,189.82,7.0,53.2,0.0,12.0
243,0.0,0.0,0.0,0.0,508.333333,510.16,0.0,21.856667,18.576667,1.0,70.97,510.16,1.0
244,842.0,0.0,0.0,0.0,241.933333,238.323333,0.0,56.3,61.576667,1.0,39.17,0.0,7.0
245,263.333333,119.4825,37.52,0.0,1614.343333,1643.786667,114.343333,2216.456667,2379.493333,2.0,33.57,89200.533333,17.0
246,320.0,36.15,37.85,0.0,339.476667,339.02,0.0,1.306667,19.366667,1.0,49.76,0.0,15.0
247,151.111111,37.5,0.0,0.0,962.06,1388.743333,275.51,2026.44,11154.776667,2.0,55.91,13893.046667,8.0
248,0.0,0.0,0.0,0.0,15.0,23.74,0.0,16.97,14.713333,1.0,88.23,0.0,1.0
249,985.833333,24.933333,38.55,0.0,1878.633333,1083.466667,75.746667,205.38,84.446667,3.0,50.98,9858.853333,21.0
250,950.0,102.92875,74.8,0.0,1655.886667,1254.02,353.13,9895.543333,45309.513333,2.0,65.03,1471.356667,18.0
251,218.333333,78.4725,115.728571,0.0,1.666667,250.0,0.0,657.53,830.6,0.0,24.18,0.0,0.0
252,0.0,0.0,0.0,0.0,1545.086667,800.71,280.29,15874.996667,15950.21,1.0,72.47,769.93,14.0
253,0.0,0.0,0.0,0.0,2527.91,2416.63,0.0,1470.506667,320.586667,1.0,52.77,0.0,16.0
254,240.0,120.904167,42.433333,0.0,15606.563333,14323.65,734.633333,11101.273333,25629.013333,38.0,46.01,445.29,49.0
255,185.0,81.118333,0.0,0.0,3292.403333,3230.233333,511.63,17037.563333,27391.513333,5.0,67.04,103634.143333,25.0
256,749.166667,0.0,0.0,0.0,573.11,772.573333,108.755,672.703333,326.046667,2.0,67.58,589.893333,6.0
257,240.0,0.0,0.0,0.0,1853.973333,1854.223333,258.193333,6.143333,19.856667,8.0,63.35,894.533333,13.0
258,318.333333,76.444,29.175,0.0,3909.52,4682.823333,141.2,21710.386667,25083.38,25.0,36.73,125000.83,63.0
259,0.0,0.0,0.0,0.0,3135.95,7581.33,376.443333,10629.89,6053.26,6.0,72.84,2455.0,23.0
260,461.25,47.632,47.95,0.0,1849.423333,2652.866667,422.64,9795.353333,8198.146667,4.0,69.15,2543.773333,14.0
261,0.0,0.0,0.0,0.0,1176.04,1012.506667,579.95,853.443333,5672.033333,2.0,61.01,0.0,12.0
262,0.0,0.0,0.0,0.0,946.666667,948.116667,0.0,1.45,62.016667,0.0,57.46,438.336667,1.0
263,0.0,0.0,0.0,0.0,954.92,865.363333,81.883333,1617.593333,3180.076667,2.0,29.77,0.0,18.0
264,0.0,0.0,0.0,0.0,314.0,1111.483333,43.975,4377.573333,3897.3,2.0,76.71,0.0,2.0
265,426.666667,0.0,0.0,0.0,531.1,345.163333,0.0,418.0,606.81,2.0,28.1,0.0,6.0
266,585.0,0.0,0.0,0.0,538.333333,507.143333,0.0,101.49,140.523333,1.0,40.6,0.0,3.0
267,313.636364,0.0,0.0,0.0,703.67,826.243333,31.7,3599.78,3724.843333,1.0,22.84,0.0,9.0
268,178.888889,30.0,0.0,0.0,1205.21,0.186667,550.56,5445.033333,5802.33,0.0,68.25,210.856667,13.0
269,338.0,0.0,0.0,0.0,443.49,443.603333,0.0,0.266667,0.456667,1.0,54.92,0.0,2.0
270,0.0,0.0,0.0,0.0,732.383333,611.86,68.72,31079.446667,30975.183333,1.0,75.35,611.86,5.0
271,255.0,17.08625,81.845833,0.0,1032.396667,1046.066667,285.736667,682.513333,224.343333,3.0,29.11,0.0,33.0
272,0.0,0.0,0.0,0.0,2578.256667,2286.9,584.603333,4167.843333,83467.903333,2.0,83.76,786.9,12.0
273,188.888889,217.140909,577.355833,0.0,8557.306667,26304.616667,8407.203333,48029.423333,54856.76,7.0,41.27,93.38,176.0
274,0.0,0.0,0.0,0.0,2622.913333,5566.44,0.0,109539.273333,107367.95,2.0,68.35,0.0,3.0
275,0.0,64.725,241.116667,0.0,2393.95,1322.506667,258.896667,36069.266667,37960.256667,1.0,65.82,1322.506667,19.0
276,236.666667,102.845833,62.575,0.0,1159.233333,1205.906667,194.9,1147.123333,602.483333,1.0,45.1,0.0,36.0
277,150.833333,0.0,15.8,0.0,694.74,1131.746667,21.59,10381.926667,10543.786667,3.0,26.44,0.0,14.0
278,149.166667,19.0,6.0,0.0,555.153333,553.513333,0.0,0.67,47.76,1.0,27.72,0.0,7.0
279,457.5,0.0,0.0,0.0,4819.206667,1440.01,266.36,3248.75,3809.91,2.0,44.34,42311.803333,23.0
280,664.285714,45.6275,0.0,0.0,1050.046667,1322.0,0.0,708.436667,1236.526667,4.0,38.54,0.0,6.0
281,0.0,0.0,0.0,0.0,765.76,639.06,98.386667,1469.263333,27900.19,1.0,82.77,0.0,5.0
282,0.0,0.0,0.0,0.0,72.596667,664.713333,83.843333,2375.603333,2238.263333,1.0,32.3,0.0,2.0
283,0.0,0.0,0.0,0.0,1101.46,1560.886667,394.97,61813.746667,87549.16,2.0,60.46,0.0,7.0
284,0.0,0.0,0.0,0.0,903.33,602.553333,1148.043333,29477.52,29686.773333,1.0,70.92,628.83,4.0
285,260.0,127.153636,44.99625,0.0,1073.916667,1133.34,0.0,333.85,655.63,3.0,28.96,0.0,32.0
286,0.0,0.0,0.0,0.0,1335.3,886.9,608.78,702.886667,1056.346667,1.0,69.58,1533.903333,10.0
287,138.0,0.0,0.0,0.0,621.666667,618.333333,0.0,0.0,116.166667,1.0,38.12,0.0,2.0
288,0.0,0.0,0.0,0.0,4751.91,4683.806667,883.38,2357.87,1385.54,19.0,52.53,73442.56,45.0
289,137.142857,49.376667,11.8,0.0,352.706667,266.666667,161.43,316.653333,259.58,1.0,46.01,0.0,4.0
290,0.0,0.0,0.0,0.0,332.523333,1385.56,270.46,54341.183333,54381.95,1.0,45.94,6111.066667,5.0
291,0.0,0.0,0.0,0.0,3457.663333,6410.003333,5887.043333,39726.076667,269694.12,3.0,38.95,0.0,8.0
292,881.818182,10.0,0.0,0.0,3062.8,2316.63,558.426667,0.063333,206.476667,5.0,34.8,559.086667,20.0
293,0.0,0.0,0.0,0.0,450.296667,2123.73,65.836667,5388.486667,4835.386667,3.0,42.92,0.0,5.0
294,381.666667,110.024545,0.0,0.0,1261.97,1503.06,63.75,377.686667,2404.193333,5.0,34.36,0.0,28.0
295,0.0,0.0,0.0,0.0,15186.336667,14754.283333,583.863333,31268.67,33426.446667,4.0,74.66,0.0,10.0
296,473.333333,43.636364,27.25,0.0,2282.963333,2126.113333,284.186667,2340.123333,3435.15,2.0,37.01,67585.823333,39.0
297,844.166667,123.853333,105.85,0.0,2838.753333,2047.556667,1316.683333,2871.11,2238.066667,1.0,41.7,0.0,16.0
298,0.0,0.0,0.0,0.0,286.666667,286.843333,0.0,0.266667,4.19,1.0,47.02,0.0,1.0
299,554.545455,50.0,73.5,0.0,5630.436667,5704.286667,77.6,37462.783333,38271.71,3.0,55.96,0.0,14.0
300,750.0,57.575,284.123333,0.0,9764.506667,6007.646667,1371.08,9734.233333,10173.136667,10.0,49.87,155646.166667,126.0
301,0.0,0.0,0.0,0.0,1607.323333,2081.1,427.65,66559.61,66045.22,3.0,77.42,786.9,5.0
302,365.0,28.15,6.9,0.0,919.576667,785.12,34.91,497.16,451.42,2.0,21.31,0.0,25.0
303,0.0,0.0,0.0,0.0,946.376667,895.84,35.21,851.62,744.12,1.0,85.17,895.84,4.0
304,1001.666667,0.0,0.0,0.0,1181.666667,931.323333,0.0,2732.16,2920.026667,1.0,44.46,0.0,7.0
305,0.0,0.0,0.0,0.0,392.77,368.9,142.13,128.04,74.196667,1.0,84.61,0.0,4.0
306,1550.0,0.0,0.0,0.0,1160.176667,1467.436667,94.746667,2914.723333,3643.373333,4.0,89.41,0.0,8.0
307,0.0,0.0,0.0,0.0,696.713333,1010.796667,202.423333,33127.356667,38264.513333,3.0,94.02,0.0,4.0
308,0.0,0.0,0.0,0.0,6832.416667,8689.95,0.0,10826.783333,50561.846667,2.0,76.57,128.42,4.0
309,0.0,46.66,44.366667,0.0,2117.203333,1330.833333,329.81,2020.813333,13387.436667,4.0,66.49,802.03,12.0
310,2364.166667,0.0,174.75,6421.263333,12543.626667,17741.186667,5423.076667,17516.986667,30718.213333,6.0,68.42,110366.95,41.0
311,616.363636,31.111111,0.0,0.0,613.316667,409.346667,269.37,833.0,1100.056667,1.0,35.41,0.0,11.0
312,0.0,0.0,0.0,0.0,0.0,0.0,0.0,0.0,222.843333,0.0,50.49,0.0,0.0
313,451.0,35.0,6.0,0.0,903.956667,905.243333,112.84,-21.556667,104.583333,2.0,46.93,69.9,12.0
314,459.166667,46.25,47.8,0.0,1749.586667,1746.116667,683.766667,61.93,739.576667,3.0,63.79,3420.463333,37.0
315,0.0,0.0,0.0,0.0,1580.28,1037.823333,313.543333,4269.563333,124432.283333,3.0,47.85,14917.513333,14.0
316,0.0,0.0,0.0,0.0,3096.043333,3090.69,143.563333,146.453333,4639.953333,6.0,50.83,660.0,26.0
317,148.181818,69.10875,36.85,0.0,1648.33,1617.886667,124.903333,1298.783333,311.63,2.0,45.97,168380.773333,19.0
318,391.0,7.5,73.033333,0.0,1143.513333,1500.666667,4.545,5115.803333,5142.75,1.0,40.86,0.0,13.0
319,0.0,0.0,0.0,0.0,1033.276667,1001.04,105.805,394.716667,223.736667,2.0,86.21,1001.04,10.0
320,360.0,0.0,0.0,0.0,18557.45,22322.21,1080.696667,31932.036667,120377.786667,9.0,65.56,1.98,20.0
321,0.0,0.0,0.0,0.0,269.933333,287.816667,0.0,663.286667,1724.896667,2.0,19.2,0.0,3.0
322,600.0,0.0,0.0,0.0,808.656667,1113.926667,548.87,6804.686667,68094.473333,2.0,71.52,1178.846667,9.0
323,292.727273,47.95,20.583333,0.0,4379.973333,802.86,54.79,13338.183333,57668.39,2.0,35.97,359.166667,21.0
324,1075.0,117.279167,0.0,0.0,2926.136667,2165.43,639.91,44.173333,231.936667,4.0,30.51,0.0,29.0
325,0.0,0.0,0.0,0.0,745.0,850.266667,0.0,111.006667,86.736667,1.0,80.09,850.266667,3.0
326,0.0,0.0,0.0,0.0,1840.6,883.42,92.95,13769.696667,20058.256667,3.0,79.91,297.6,7.0
327,780.833333,61.25,38.274,0.0,7581.476667,7550.896667,898.763333,5781.43,6841.85,7.0,50.08,75653.3,45.0
328,194.0,24.998571,50.6,0.0,715.913333,888.416667,261.636667,2180.713333,1830.213333,2.0,76.01,850.266667,17.0
329,0.0,0.0,0.0,0.0,1032.28,878.203333,306.64,23414.573333,24703.793333,1.0,73.92,0.0,5.0
330,388.888889,340.0,0.0,0.0,1567.926667,1147.053333,1531.323333,49739.69,121731.276667,3.0,80.97,0.0,2.0
331,0.0,0.0,0.0,0.0,1704.226667,1044.503333,117.546667,-28.983333,63.176667,4.0,54.15,1334.986667,34.0
332,536.666667,31.227,66.42,0.0,777.493333,630.386667,62.753333,620.066667,260.503333,2.0,24.12,0.0,24.0
333,0.0,0.0,0.0,0.0,1567.966667,2250.646667,379.54,1823.313333,1460.05,2.0,65.88,1238.306667,32.0
334,383.333333,0.0,0.0,0.0,1028.05,1033.646667,0.0,25.716667,171.976667,2.0,40.91,0.0,5.0
335,0.0,0.0,0.0,0.0,3447.053333,1937.333333,3013.516667,1483.08,3751.75,3.0,52.56,12221.96,16.0
336,600.0,0.0,102.033333,0.0,2227.283333,2256.566667,268.673333,608.293333,554.276667,4.0,76.69,1312.616667,17.0
337,0.0,0.0,0.0,0.0,886.826667,878.493333,88.676667,118.6,108.316667,3.0,79.83,471.34,5.0
338,300.0,0.0,0.0,0.0,898.86,605.1,383.86,2830.6,2968.556667,1.0,86.56,605.1,3.0
339,400.0,0.0,0.0,0.0,4238.493333,4126.49,692.34,1234.086667,7794.873333,3.0,50.04,64055.413333,40.0
340,70.0,20.0,36.416667,0.0,409.763333,279.093333,30.065,4697.693333,4740.986667,1.0,30.08,0.0,4.0
341,0.0,0.0,57.0,0.0,1521.223333,2148.586667,65.19,817.763333,163.356667,3.0,58.52,1983.92,18.0
342,122.857143,16.2,18.926667,0.0,2073.663333,1376.78,586.6,575.026667,731.113333,3.0,59.8,37513.496667,33.0
343,184.0,0.0,0.0,0.0,388.576667,430.27,137.646667,189.35,175.81,1.0,57.73,0.0,4.0
344,210.0,37.883333,16.62,0.0,5385.57,5566.836667,495.813333,9313.506667,9143.016667,9.0,41.43,61016.28,62.0
345,254.285714,38.9,25.148,0.0,621.316667,579.086667,71.29,2907.05,3042.39,1.0,31.33,0.0,22.0
346,0.0,20.5125,0.0,0.0,2025.843333,1329.856667,84.565,40847.713333,41675.753333,3.0,78.75,0.0,3.0
347,848.333333,0.0,0.0,0.0,1101.666667,744.56,174.51,3167.166667,3030.09,3.0,67.42,637.7,21.0
348,616.666667,0.0,0.0,0.0,1472.283333,1666.036667,194.71,1454.066667,1850.373333,3.0,69.34,0.0,10.0
349,358.333333,107.465833,85.466667,0.0,2109.133333,2859.03,0.0,32815.713333,32201.576667,6.0,31.41,0.0,17.0
350,428.0,0.0,0.0,0.0,429.36,430.27,0.0,3.176667,4.12,1.0,38.59,0.0,2.0
351,94.0,20.0,0.0,0.0,2460.7,3502.48,0.0,9927.643333,14301.63,4.0,24.59,0.0,12.0
352,135.0,15.0,32.08,0.0,625.39,720.86,124.233333,699.523333,697.77,2.0,63.13,30.0,32.0
353,195.0,77.195833,63.291667,0.0,2136.0,2029.006667,1143.653333,1430.126667,1150.543333,4.0,40.92,28322.89,16.0
354,0.0,0.0,0.0,0.0,536.526667,435.936667,0.0,-253.833333,126.293333,1.0,58.16,2468.883333,7.0
355,0.0,0.0,0.0,0.0,5.0,88.786667,0.0,1390.03,1423.933333,0.0,36.36,0.0,0.0
356,0.0,0.0,0.0,0.0,3033.886667,2606.773333,573.3,20964.593333,115362.77,3.0,66.5,2028.2,22.0
357,446.0,25.0,0.0,0.0,79.95,57.366667,19.95,176.486667,1218.39,0.0,24.89,0.0,2.0
358,0.0,0.0,0.0,0.0,14763.226667,13647.663333,321.933333,26578.52,191162.44,4.0,84.03,0.0,13.0
359,0.0,0.0,81.35,0.0,33333.333333,28027.446667,52.31,36948.553333,91022.42,2.0,62.33,0.0,1.0
360,1719.166667,49.248,43.266667,0.0,33400.393333,3708.656667,886.373333,29411.9,47064.103333,3.0,54.08,23754.376667,65.0
361,0.0,0.0,0.0,0.0,2054.05,1846.433333,371.133333,298.326667,298.076667,4.0,81.62,806.8,17.0
362,0.0,0.0,0.0,0.0,117601.12,117796.806667,39.48,10446.363333,56033.173333,4.0,80.47,637.7,6.0
363,0.0,0.0,0.0,0.0,763.0,763.14,0.0,0.513333,459.786667,1.0,73.36,0.0,2.0
364,0.0,0.0,0.0,0.0,1090.51,864.23,108.24,943.943333,1056.726667,1.0,79.36,864.23,3.0
365,0.0,0.0,0.0,0.0,652.49,670.79,486.506667,14630.136667,14907.106667,1.0,56.58,0.0,4.0
366,592.5,0.0,0.0,0.0,1328.49,1575.03,481.7,1838.406667,45523.95,4.0,65.22,3131.48,17.0
367,0.0,0.0,0.0,0.0,1484.953333,1496.54,99.96,23.656667,42.85,4.0,24.92,519.466667,4.0
368,471.428571,85.341667,40.7375,0.0,4129.586667,2231.2,33994.123333,3402.076667,8207.623333,2.0,59.88,12654.913333,17.0
369,0.0,0.0,0.0,0.0,4032.473333,2537.276667,171.36,6273.51,26806.2,4.0,60.84,0.0,11.0
370,513.333333,19.815,0.0,0.0,1294.146667,1287.113333,157.73,87.23,4408.81,2.0,41.7,0.0,10.0
371,0.0,40.833333,0.0,0.0,659.77,318.936667,62.313333,19491.103333,33733.47,1.0,40.96,0.0,22.0
372,0.0,0.0,0.0,0.0,432.916667,490.27,0.0,94.946667,251.86,1.0,47.1,0.0,4.0
373,284.166667,84.168333,82.835,0.0,1437.186667,1370.733333,309.736667,72.85,254.216667,2.0,22.77,0.0,16.0
374,430.0,0.0,0.0,0.0,1655.83,1422.333333,613.293333,45152.993333,60310.45,2.0,49.85,8001.396667,21.0
375,510.909091,45.744545,131.79875,0.0,611.663333,638.363333,0.0,27.646667,143.786667,1.0,24.79,0.0,20.0
376,0.0,0.0,0.0,0.0,3002.01,2103.6,620.503333,60084.41,61210.506667,2.0,61.94,0.0,11.0
377,761.666667,0.0,125.625,0.0,1918.333333,1729.076667,149.633333,726.91,622.556667,3.0,55.04,28988.386667,23.0
378,0.0,0.0,0.0,0.0,1108.333333,872.7,0.0,409.05,171.353333,2.0,50.84,0.0,3.0
379,0.0,0.0,0.0,0.0,759.473333,637.7,60.393333,2438.733333,2722.6,1.0,88.91,0.0,3.0
380,255.0,17.01875,57.75,0.0,1250.806667,1250.0,117.84,117.326667,449.183333,1.0,33.82,5384.793333,38.0
381,250.0,65.0,127.766667,0.0,2253.32,2750.0,4563.766667,3732.446667,4895.643333,2.0,42.25,0.0,5.0
382,526.363636,0.0,0.0,0.0,432.706667,430.27,0.0,1.06,73.19,1.0,45.2,0.0,7.0
383,0.0,0.0,0.0,0.0,1091.72,1090.786667,138.006667,14.826667,48.566667,2.0,55.0,0.0,12.0
384,320.0,0.0,92.9225,0.0,193.693333,193.336667,0.0,0.2,16.496667,2.0,21.34,0.0,10.0
385,203.0,52.94,0.0,0.0,1486.34,925.333333,267.44,6087.26,10799.646667,3.0,71.04,185.18,20.0
386,275.0,34.6,66.38,0.0,5314.856667,4898.713333,1478.003333,10044.086667,8579.09,5.0,37.16,253.306667,52.0
387,305.833333,0.0,18.63,0.0,649.266667,595.583333,340.046667,234.153333,79.773333,6.0,45.69,108.806667,11.0
388,473.636364,67.829091,100.0,0.0,7677.203333,6927.34,434.23,7878.806667,38717.58,4.0,56.5,232.555,31.0
389,120.0,0.0,0.0,0.0,435.556667,604.236667,110.17,820.1,776.12,2.0,49.13,0.0,6.0
390,0.0,26.333333,58.875,0.0,2448.953333,2201.25,418.03,5192.46,22680.613333,5.0,80.28,112.436667,11.0
391,943.333333,81.753636,217.95,0.0,3871.21,3284.18,515.386667,15865.816667,16288.99,2.0,67.81,0.0,42.0
392,360.0,20.0,120.275,0.0,17.966667,100.0,0.0,51.61,5.63,0.0,39.42,48.39,2.0
393,395.714286,128.7575,110.5,0.0,1174.906667,1542.713333,651.316667,3650.976667,157866.24,1.0,43.32,0.0,19.0
394,177.5,35.3,8.2,0.0,474.943333,480.46,102.59,33.126667,81.68,3.0,40.43,0.0,16.0
395,271.818182,51.673333,0.0,0.0,1324.846667,1323.02,292.41,47.093333,219.21,2.0,41.39,0.0,13.0
396,478.333333,77.341667,48.01125,0.0,6494.396667,6173.97,2461.32,1481.68,12387.246667,10.0,54.59,136.266667,47.0
397,0.0,0.0,0.0,0.0,1247.86,1096.966667,59.986667,5726.64,5926.403333,2.0,84.18,605.1,5.0
398,0.0,0.0,0.0,11564.455,2341.675,601.265,100.89,428.875,219.48,2.0,32.23,17003.14,18.0
399,0.0,0.0,0.0,0.0,5437.023333,2731.526667,5185.0,5848.35,5360.18,3.0,32.83,50897.813333,6.0
400,201.111111,113.215,125.432222,0.0,11582.82,2734.14,154.383333,18707.326667,26035.643333,4.0,36.76,85335.816667,41.0
401,1194.166667,0.0,70.7125,0.0,2719.376667,2262.036667,283.965,1888.386667,12160.296667,2.0,38.58,957.833333,24.0
402,343.0,0.0,0.0,0.0,1228.31,997.253333,498.586667,3.456667,65.206667,1.0,74.15,7841.493333,4.0
403,0.0,0.0,0.0,0.0,1314.13,1413.39,263.43,19715.18,84996.063333,3.0,86.67,0.0,9.0
404,585.833333,0.0,0.0,0.0,431.666667,430.266667,0.0,2.156667,64.106667,1.0,50.15,0.0,4.0
405,0.0,0.0,0.0,0.0,938.05,678.9,49.206667,2387.043333,2989.763333,1.0,80.54,948.163333,17.0
406,0.0,0.0,0.0,0.0,1647.22,1952.893333,4313.623333,2677.5,130822.893333,6.0,64.83,918.05,8.0
407,428.181818,74.027,47.65,0.0,2343.91,2358.39,971.373333,71197.49,91013.923333,4.0,74.12,1819.57,24.0
408,0.0,0.0,0.0,0.0,2142.673333,2952.163333,28.9,3752.806667,3450.88,2.0,76.77,0.0,3.0
409,290.0,0.0,143.333333,0.0,2265.716667,2994.953333,1001.886667,972.73,536.443333,5.0,24.25,0.0,24.0
410,160.0,90.075833,124.114167,0.0,3703.94,3794.96,336.29,4784.52,4224.42,2.0,40.46,0.0,24.0
411,0.0,0.0,0.0,0.0,536.13,1251.8,35.116667,7979.82,7292.036667,3.0,73.07,1251.8,3.0
412,318.333333,0.0,37.858,0.0,1965.986667,1794.896667,387.656667,622.57,1067.883333,3.0,49.17,7730.366667,38.0
413,231.111111,26.94375,36.64,0.0,0.45,0.0,0.0,0.0,0.67,0.0,27.12,0.0,0.0
414,244.166667,38.758333,40.8,0.0,3744.936667,2445.796667,295.686667,440.743333,4840.796667,2.0,36.3,79735.473333,43.0
415,0.0,0.0,0.0,0.0,0.0,809.86,0.0,2740.19,2513.27,1.0,8.29,0.0,0.0
416,244.545455,63.096364,44.46,0.0,1292.496667,1295.753333,48.945,12231.916667,19604.99,1.0,30.88,53.5,29.0
417,190.909091,0.0,0.0,0.0,925.08,850.266667,39.143333,625.133333,364.516667,1.0,78.38,2449.166667,5.0
418,497.5,60.699167,54.922,0.0,3551.77,3457.91,648.336667,1140.286667,660.723333,5.0,39.46,20250.77,76.0
419,0.0,39.213333,0.0,0.0,1307.26,968.87,120.9,3125.023333,3994.37,3.0,70.47,810.853333,10.0
420,747.0,25.0,0.0,0.0,152.886667,177.66,107.04,48.37,96.433333,2.0,47.92,2434.76,3.0
421,152.5,23.68,52.216667,0.0,917.746667,790.863333,313.033333,28.316667,214.043333,2.0,49.06,0.0,25.0
422,852.5,78.604,0.0,0.0,1372.003333,1369.736667,50.1,641.696667,171.43,4.0,29.46,0.0,13.0
423,391.666667,0.0,0.0,0.0,1162.313333,1161.06,0.0,21.18,92.426667,3.0,73.43,841.773333,6.0
424,0.0,0.0,0.0,0.0,2003.416667,2034.953333,178.75,87.696667,536.796667,3.0,11.46,0.0,43.0
425,523.75,59.720909,0.0,0.0,1128.363333,1081.703333,354.483333,434.666667,736.77,2.0,49.58,0.0,28.0
426,493.333333,28.333333,0.0,0.0,863.503333,1543.66,53.246667,5863.593333,6381.083333,3.0,45.58,27732.223333,18.0
427,743.75,0.0,15.35,0.0,1831.066667,1830.746667,1516.47,281.143333,274.07,7.0,64.86,2550.7,20.0
428,0.0,0.0,0.0,0.0,1130.283333,849.033333,249.843333,2997.373333,3587.99,2.0,66.95,0.0,10.0
429,248.888889,142.126667,44.755556,0.0,1502.123333,1156.833333,489.38,50.396667,380.833333,2.0,44.07,3414.92,31.0
430,260.0,44.543,94.821667,0.0,1392.926667,1061.946667,0.0,13837.54,14126.853333,2.0,31.41,0.0,13.0
431,710.0,0.0,25.24,0.0,798.463333,533.68,176.893333,3114.296667,9057.28,1.0,30.36,0.0,13.0
432,0.0,0.0,0.0,0.0,618.476667,730.513333,1520.213333,15472.68,15884.096667,1.0,64.81,163.786667,8.0
433,185.0,12.434,15.301667,0.0,576.723333,338.613333,140.916667,5977.85,7144.633333,4.0,27.88,0.0,23.0
434,1049.166667,0.0,0.0,0.0,2121.496667,2348.733333,97.386667,1835.103333,7325.07,3.0,71.29,2348.733333,19.0
435,0.0,0.0,0.0,0.0,594.12,416.78,21.913333,2803.17,2675.85,2.0,48.19,0.0,8.0
436,220.909091,30.0,103.72,0.0,6942.11,5040.976667,605.196667,16522.63,29961.31,2.0,36.02,106814.87,53.0
437,339.0,60.0,58.19,0.0,1455.54,1321.696667,55.29,2345.36,3592.78,2.0,35.27,0.0,14.0
438,0.0,0.0,0.0,0.0,1855.276667,1365.273333,388.506667,3055.296667,3412.92,2.0,52.34,0.0,8.0
439,969.166667,30.045,41.32,0.0,50.15,0.0,0.0,-693.69,1356.11,0.0,32.69,17296.31,2.0
440,0.0,0.0,0.0,0.0,998.1,970.686667,112.053333,232.33,528.343333,2.0,78.9,656.03,6.0
441,831.666667,104.213636,63.018571,0.0,446.616667,66.22,910.033333,13771.13,13974.423333,0.0,38.16,0.0,8.0
442,35.0,18.75,15.15,0.0,848.316667,891.643333,6.99,1296.876667,991.53,2.0,21.4,0.0,17.0
443,0.0,0.0,0.0,0.0,215.74,216.666667,94.94,35.983333,45.963333,1.0,46.31,0.0,2.0
444,0.0,0.0,0.0,0.0,761.386667,873.73,48.376667,1813.366667,1863.823333,1.0,35.01,0.0,4.0
445,123.0,0.0,0.0,0.0,831.533333,1074.303333,114.673333,305.123333,120.956667,2.0,52.29,1450.083333,6.0
446,751.0,0.0,0.0,0.0,870.096667,498.96,103.596667,395.043333,747.866667,1.0,48.62,0.0,10.0
447,0.0,0.0,0.0,0.0,708.056667,384.066667,64.17,5110.736667,5133.753333,1.0,83.07,0.0,2.0
448,0.0,0.0,0.0,0.0,3162.42,2959.203333,1471.23,2729.616667,2304.68,2.0,46.95,112123.103333,16.0
449,420.833333,0.0,54.9,0.0,2988.81,2865.346667,982.736667,19.033333,2491.006667,4.0,30.49,111357.593333,32.0
450,353.333333,24.0,19.95,0.0,1495.773333,1950.233333,558.09,2163.226667,17017.033333,2.0,45.81,72.0,22.0
451,20.0,57.272727,24.2,0.0,0.0,0.0,156.98,0.0,0.0,0.0,43.89,0.0,0.0
452,0.0,0.0,0.0,0.0,538.66,538.92,42.27,8.89,92.11,1.0,19.25,0.0,16.0
453,0.0,0.0,0.0,0.0,5168.796667,4777.346667,1408.756667,484.326667,1776.896667,5.0,56.04,60867.273333,34.0
454,0.0,0.0,0.0,0.0,281.163333,483.603333,31.46,5476.323333,6629.6,2.0,27.33,0.0,2.0
455,390.833333,0.0,0.0,0.0,663.516667,689.856667,44.956667,2296.396667,2103.043333,2.0,57.45,0.0,12.0
456,0.0,0.0,0.0,0.0,768.18,961.303333,213.99,8975.58,8973.203333,2.0,51.21,0.0,13.0
457,0.0,0.0,0.0,0.0,281.816667,545.676667,25.49,295.653333,225.213333,2.0,35.61,0.0,2.0
458,128.888889,0.0,27.39,0.0,3809.733333,4499.17,118.966667,4275.863333,21696.986667,11.0,24.81,0.0,36.0
459,0.0,0.0,0.0,0.0,78.983333,0.0,25.083333,100.076667,128.706667,0.0,19.79,0.0,2.0
460,547.272727,0.0,0.0,0.0,2327.443333,1749.59,474.873333,5023.03,5321.03,2.0,46.12,18399.823333,23.0
461,0.0,0.0,0.0,0.0,775.583333,775.773333,0.0,5.16,313.516667,1.0,54.84,6621.623333,7.0
462,0.0,0.0,0.0,0.0,764.116667,626.563333,68.496667,448.56,634.93,1.0,28.69,0.0,13.0
463,0.0,83.444444,44.225,0.0,1157.81,1066.926667,377.796667,1023.226667,21145.74,2.0,40.05,0.0,18.0
464,0.0,0.0,0.0,0.0,539.446667,540.27,84.796667,8.09,41.433333,2.0,49.15,0.0,5.0
465,166.666667,37.46,0.0,0.0,1994.92,2059.346667,217.093333,577.45,489.8,11.0,46.56,12874.553333,42.0
466,400.0,0.0,0.0,0.0,369.636667,776.57,32.435,10099.203333,11104.77,1.0,45.93,0.0,5.0
467,381.818182,0.0,27.85,0.0,897.216667,999.983333,43.513333,387.946667,338.646667,4.0,35.89,0.0,20.0
468,230.0,27.5,37.525,0.0,1246.286667,1252.393333,335.613333,39.21,164.7,5.0,32.55,1868.76,21.0
469,0.0,0.0,0.0,0.0,1498.553333,1454.793333,139.646667,354.346667,203.776667,3.0,83.79,1494.216667,10.0
470,0.0,0.0,0.0,0.0,1956.133333,1675.663333,571.556667,10686.933333,23518.606667,3.0,73.86,0.0,9.0
471,82.5,50.07,71.055833,0.0,899.516667,517.336667,0.0,755.99,1044.973333,2.0,21.69,0.0,38.0
472,598.0,0.0,0.0,0.0,4091.223333,3330.896667,234.266667,2345.853333,4798.146667,2.0,69.94,29039.676667,13.0
473,341.818182,0.0,0.0,0.0,4736.893333,4421.92,353.44,894.273333,698.91,2.0,71.94,953.823333,16.0
474,449.090909,0.0,0.0,0.0,1310.69,1412.69,467.843333,12432.55,12436.793333,2.0,82.4,0.0,6.0
475,408.181818,86.223333,48.8,0.0,987.766667,1146.133333,74.586667,17740.303333,22159.986667,1.0,65.58,5011.206667,14.0
476,0.0,0.0,0.0,0.0,505.47,513.45,33.933333,61.983333,73.846667,2.0,78.26,294.0,4.0
477,550.0,0.0,0.0,3001.113333,8246.193333,8346.076667,72893.206667,1623.576667,2725.366667,10.0,56.42,9508.343333,23.0
478,280.0,13.713333,63.333333,0.0,1673.666667,1856.15,390.123333,1332.716667,1181.216667,4.0,62.74,3686.396667,36.0
479,0.0,0.0,0.0,0.0,837.613333,851.476667,103.106667,718.97,926.156667,3.0,91.93,956.55,2.0
480,0.0,0.0,0.0,0.0,658.92,857.646667,318.226667,19424.13,19690.53,3.0,84.44,0.0,4.0
481,0.0,0.0,0.0,0.0,31.11,0.0,0.0,31.11,90.32,0.0,19.64,0.0,0.0
482,560.0,49.7375,51.6,0.0,1035.603333,991.333333,12210.75,435.67,676.853333,2.0,49.57,0.0,16.0
483,0.0,0.0,0.0,0.0,1350.883333,1366.9,30.0,49.156667,50.136667,2.0,71.56,635.566667,6.0
484,204.444444,30.762,18.901667,0.0,1263.896667,1314.393333,286.2,964.89,5369.923333,3.0,49.81,3320.076667,23.0
485,935.454545,742.190833,33.0,0.0,1781.12,1000.0,668.713333,5965.003333,17714.07,0.0,50.58,0.0,11.0
486,463.333333,0.0,0.0,0.0,863.666667,850.266667,0.0,1.896667,7.72,1.0,49.93,850.266667,2.0
487,0.0,0.0,0.0,0.0,1806.36,2637.686667,164.646667,28504.386667,54566.79,1.0,51.64,63115.12,12.0
488,200.0,0.0,76.4,0.0,616.53,17158.506667,393.1,38878.9,36968.113333,3.0,42.28,243.055,5.0
489,0.0,0.0,0.0,0.0,1972.34,1157.613333,88.875,68.33,117.103333,4.0,65.32,1917.12,12.0
490,893.333333,143.03,66.475,0.0,9012.41,7553.273333,1061.896667,11423.406667,14110.883333,6.0,44.22,142631.306667,62.0
491,587.5,0.0,0.0,0.0,693.876667,660.323333,191.973333,189.646667,314.7,2.0,45.58,1450.736667,8.0
492,50.0,0.0,0.0,0.0,4189.29,2992.736667,2082.083333,25470.85,280807.03,3.0,71.96,2049.32,8.0
493,1342.5,0.0,0.0,0.0,1755.316667,2883.28,0.0,6137.236667,5922.616667,2.0,29.36,0.0,5.0
494,0.0,0.0,0.0,0.0,2245.706667,637.7,0.0,1183.603333,2446.896667,1.0,93.16,0.0,3.0
495,0.0,0.0,0.0,0.0,1273.306667,1375.013333,61.04,72.433333,24.583333,6.0,57.51,218792.67,16.0
496,888.333333,30.7475,8.8,0.0,474.943333,464.453333,0.0,38.926667,136.336667,1.0,23.47,0.0,8.0
497,240.0,48.75,25.0,0.0,2429.606667,1906.783333,272.233333,13642.473333,13702.99,4.0,68.29,1378.94,24.0
498,0.0,0.0,0.0,0.0,707.996667,691.166667,55.315,3.113333,12.35,3.0,47.55,0.0,6.0
499,0.0,0.0,0.0,0.0,2435.083333,2440.88,0.0,48.713333,231.59,3.0,51.98,823.653333,6.0
500,207.0,33.812857,15.2,0.0,2297.113333,1580.486667,223.25,874.996667,941.896667,2.0,29.25,812.863333,27.0
501,236.666667,0.0,0.0,0.0,0.333333,0.333333,0.0,1.0,1.0,0.0,49.95,0.0,0.0
502,529.166667,107.298333,20.846667,0.0,2050.096667,937.053333,167.226667,555.853333,1224.133333,2.0,27.03,570.0,24.0
503,383.333333,20.0,0.0,0.0,1309.25,535.833333,204.87,2428.756667,3748.436667,3.0,49.33,0.0,11.0
504,0.0,0.0,0.0,0.0,746.926667,905.933333,78.91,-222.526667,691.346667,2.0,58.25,1137.013333,16.0
505,0.0,0.0,0.0,0.0,271.666667,291.626667,0.0,29.83,24.733333,1.0,57.95,0.0,1.0
506,445.833333,48.9275,0.0,0.0,2667.183333,2185.013333,454.356667,8257.903333,8326.776667,2.0,33.06,23376.853333,21.0
507,0.0,0.0,0.0,0.0,1158.94,1343.57,231.83,1102.973333,649.913333,1.0,75.06,1343.57,17.0
508,662.5,51.208182,62.733333,0.0,1703.483333,0.0,0.0,1209.876667,2568.953333,0.0,67.49,324.666667,14.0
509,0.0,0.0,0.0,0.0,1025.336667,1257.363333,136.276667,6629.956667,6501.16,1.0,62.74,0.0,7.0
510,0.0,0.0,0.0,0.0,2.506667,1.703333,292.77,0.0,1.21,1.0,91.35,0.0,1.0
511,0.0,0.0,0.0,0.0,432.386667,432.593333,59.98,0.34,1.203333,1.0,34.02,0.0,6.0
512,904.166667,181.225,165.585,0.0,2713.773333,2959.12,234.806667,1958.296667,8212.72,6.0,38.33,5256.0,56.0
513,257.777778,30.0,0.0,0.0,1644.26,1548.696667,272.263333,790.616667,591.58,2.0,52.56,1180.976667,25.0
514,0.0,0.0,0.0,0.0,1859.513333,1513.303333,121.46,22759.033333,40580.913333,2.0,77.48,1513.12,6.0
515,0.0,0.0,0.0,0.0,428.333333,430.27,0.0,5.77,5.433333,1.0,51.68,0.0,2.0
516,481.818182,44.265,51.25,0.0,5959.97,5489.68,280.81,14983.3,14612.973333,4.0,38.21,166266.536667,21.0
517,110.0,25.2,0.0,0.0,520.8,423.76,20.313333,151.933333,263.01,2.0,49.58,0.0,13.0
518,0.0,0.0,0.0,0.0,1063.703333,991.17,64.776667,20020.6,20410.033333,3.0,73.38,0.0,3.0
519,0.0,0.0,0.0,0.0,3927.963333,1661.126667,818.71,9060.413333,18108.483333,3.0,80.53,0.0,15.0
520,407.5,30.0,64.435455,0.0,3797.633333,3541.633333,45.976667,2926.336667,2960.126667,3.0,29.13,0.0,34.0
521,0.0,66.111111,0.0,0.0,15628.73,3747.54,2388.093333,218045.306667,221592.326667,3.0,65.93,0.0,9.0
522,300.0,0.0,0.0,0.0,626.223333,1645.923333,0.0,24301.58,162861.74,2.0,49.5,49.666667,3.0
523,192.5,91.761818,18.85,0.0,992.736667,1167.616667,311.41,6271.443333,6256.056667,1.0,23.66,0.0,9.0
524,53.333333,0.0,15.866667,0.0,485.366667,257.51,15.99,1197.626667,1294.926667,3.0,22.92,0.0,17.0
525,430.0,40.0,34.65,0.0,963.78,1691.08,41.875,10207.523333,9293.953333,2.0,27.1,0.0,24.0
526,0.0,0.0,0.0,0.0,863.006667,864.733333,0.0,6.32,67.253333,2.0,62.63,7553.296667,6.0
527,0.0,0.0,0.0,0.0,484.466667,1149.226667,0.0,33183.4,33260.79,3.0,47.87,0.0,2.0
528,0.0,0.0,0.0,0.0,371.666667,374.42,0.0,31.296667,42.89,1.0,59.19,0.0,1.0
529,280.0,0.0,46.275,0.0,969.423333,931.503333,1548.63,35.143333,1441.383333,4.0,55.23,57727.81,25.0
530,1215.833333,438.6125,0.0,0.0,724.36,649.286667,16861.506667,381.003333,696.336667,1.0,62.1,238.006667,11.0
531,91.428571,47.55,10.6,0.0,1132.303333,1259.463333,283.316667,354.186667,177.346667,5.0,69.83,1066.933333,17.0
532,202.857143,107.504,23.0,0.0,1880.34,1841.426667,251.273333,64.61,594.143333,5.0,42.24,0.0,26.0
533,400.0,0.0,0.0,0.0,5279.283333,5648.04,328.696667,6841.636667,5886.37,3.0,73.48,18030.346667,29.0
534,412.5,0.0,0.0,0.0,2564.02,2158.383333,620.516667,1819.02,114508.06,2.0,87.9,726.18,18.0
535,0.0,0.0,0.0,0.0,1454.396667,1454.016667,60.0,3.27,43.643333,2.0,51.77,0.0,6.0
536,0.0,0.0,0.0,0.0,444.196667,682.7,126.886667,21256.96,20999.37,2.0,76.22,637.7,6.0
537,853.75,0.0,0.0,0.0,943.23,1857.953333,0.0,2002.073333,1631.673333,2.0,40.58,0.0,6.0
538,45.0,47.89,0.0,0.0,1291.626667,1350.403333,791.653333,3642.373333,4003.006667,1.0,43.33,145438.643333,9.0
539,0.0,0.0,0.0,0.0,1609.423333,1621.326667,87.056667,186.493333,35093.67,6.0,77.08,786.9,6.0
540,0.0,0.0,0.0,0.0,76.666667,76.666667,0.0,0.0,15.36,0.0,46.19,0.0,1.0
541,232.222222,0.0,7.75,0.0,659.183333,663.13,31.5,116.843333,166.696667,5.0,24.8,0.0,19.0
542,566.666667,45.5,0.0,0.0,1287.273333,1065.316667,219.703333,10512.593333,11910.783333,3.0,51.52,0.0,12.0
543,0.0,0.0,0.0,0.0,2150.873333,2139.293333,1553.076667,71.32,313.45,6.0,56.97,2453.82,11.0
544,654.545455,152.612727,115.922222,0.0,3812.456667,2249.04,262.246667,6712.296667,9944.236667,5.0,30.21,43540.753333,41.0
545,0.0,0.0,0.0,0.0,3616.383333,2470.086667,319.32,45822.356667,51665.203333,2.0,40.39,252.786667,16.0
546,468.333333,0.0,0.0,0.0,8.333333,9.56,0.0,8.07,10.273333,0.0,42.24,0.0,1.0
547,288.0,0.0,62.466667,0.0,1350.84,1001.466667,95.8,319.363333,610.486667,2.0,38.61,0.0,8.0
548,0.0,0.0,0.0,0.0,803.633333,2079.29,257.48,16201.496667,14737.97,1.0,73.89,0.0,7.0
549,287.5,16.358333,0.0,0.0,1867.936667,1545.113333,160.106667,6152.32,5597.016667,5.0,69.03,3541.916667,30.0
550,832.0,163.16,27.8,0.0,5081.41,4534.826667,436.79,20702.016667,20578.02,5.0,51.43,18288.56,53.0
551,465.833333,0.0,0.0,0.0,1187.346667,1234.266667,111.76,329.496667,129.866667,4.0,58.45,1245.243333,19.0
552,260.0,0.0,0.0,0.0,806.073333,808.54,0.0,5.28,31.28,1.0,36.22,0.0,6.0
553,0.0,0.0,0.0,0.0,348.333333,351.27,0.0,10.07,12.686667,1.0,32.26,0.0,3.0
554,292.222222,33.192,0.0,0.0,1290.733333,1101.296667,605.89,11831.183333,22220.89,1.0,55.63,0.0,21.0
555,355.0,0.0,83.851667,0.0,1809.776667,1345.953333,208.89,1130.466667,2377.356667,1.0,34.17,96206.733333,38.0
556,0.0,0.0,0.0,0.0,463.803333,449.82,0.0,-14.29,62.92,2.0,56.56,44239.88,5.0
557,0.0,0.0,0.0,0.0,1107.12,1096.866667,86.2,789.12,1239.66,3.0,86.89,0.0,9.0
558,0.0,0.0,0.0,0.0,2113.916667,3287.24,617.556667,10138.563333,30648.196667,2.0,43.93,34310.036667,9.0
559,0.0,0.0,0.0,0.0,430.666667,430.27,0.0,0.343333,0.6,1.0,52.44,0.0,2.0
560,644.0,0.0,0.0,0.0,2145.46,3148.583333,1168.766667,19560.73,30398.506667,4.0,60.14,193.0,21.0
561,0.0,0.0,0.0,0.0,0.0,0.0,0.0,0.0,0.0,0.0,51.11,0.0,0.0
562,0.0,0.0,0.0,0.0,1816.216667,1736.13,389.176667,3607.13,3500.006667,3.0,9.31,0.0,34.0
563,278.0,49.53,44.59,0.0,2711.82,2716.516667,380.53,19236.88,37267.073333,3.0,53.33,31416.303333,30.0
564,0.0,0.0,0.0,0.0,352.27,353.243333,0.0,3.8,9.045,1.0,56.28,0.0,2.0
565,200.0,20.0,0.0,0.0,1122.64,1134.49,0.0,43.603333,130.156667,1.0,40.91,0.0,4.0
566,189.090909,72.083333,48.428571,0.0,3211.096667,2718.296667,307.736667,4610.283333,4264.353333,6.0,39.88,65042.206667,62.0
567,334.444444,72.066667,0.0,0.0,707.42,987.02,468.683333,531.953333,515.016667,2.0,44.44,0.0,10.0
568,354.166667,36.496667,60.5,0.0,7856.853333,11483.68,123.87,49027.32,82380.923333,9.0,41.24,4418.31,34.0
569,0.0,0.0,0.0,0.0,0.183333,0.0,0.0,0.0,0.27,0.0,39.3,0.0,0.0
570,0.0,0.0,0.0,0.0,774.16,1011.216667,40.953333,6999.21,7319.62,2.0,69.8,0.0,5.0
571,545.454545,0.0,0.0,0.0,753.333333,824.303333,0.0,348.653333,463.003333,2.0,32.07,0.0,10.0
572,0.0,0.0,0.0,0.0,219.75,234.256667,172.82,33.64,111.35,1.0,41.05,0.0,1.0
573,375.0,0.0,0.0,0.0,998.493333,1266.666667,17.146667,65824.486667,67220.116667,1.0,50.18,0.0,16.0
574,709.090909,32.505,0.0,0.0,1342.34,1683.486667,263.963333,12793.743333,13578.116667,2.0,87.02,20.0,8.0
575,530.0,0.0,0.0,0.0,651.666667,650.526667,0.0,-6.953333,70.856667,2.0,35.59,0.0,6.0
576,25.0,40.0,0.0,0.0,575.566667,851.193333,0.0,1710.963333,1304.853333,3.0,18.82,0.0,20.0
577,196.666667,64.166667,0.0,0.0,1038.663333,1066.986667,537.106667,135.383333,644.15,2.0,47.74,79398.186667,11.0
578,101.111111,90.5475,0.0,0.0,1030.773333,996.973333,241.416667,437.553333,1362.47,5.0,34.35,10753.353333,33.0
579,75.0,45.016667,0.0,0.0,1759.46,2013.483333,222.743333,14281.606667,64389.503333,3.0,68.55,1728.526667,17.0
580,1611.666667,98.516667,98.8625,0.0,10904.146667,9153.506667,447.36,2236.066667,61139.876667,3.0,32.7,550.966667,30.0
581,0.0,0.0,0.0,0.0,902.186667,989.843333,105.713333,1169.103333,2032.426667,2.0,79.74,0.0,8.0
582,0.0,0.0,0.0,0.0,1062.153333,835.91,397.543333,4344.363333,4412.19,2.0,94.63,0.0,7.0
583,0.0,0.0,0.0,0.0,710.4,643.62,109.593333,4719.406667,92117.146667,1.0,83.89,0.0,4.0
584,363.333333,87.185,51.9,0.0,2195.656667,1731.33,414.63,670.75,18837.273333,3.0,60.88,12079.683333,24.0
585,0.0,0.0,0.0,0.0,1206.476667,1671.186667,222.233333,11948.673333,81211.563333,2.0,70.56,1649.813333,11.0
586,1702.5,0.0,12.6,0.0,960.876667,960.956667,0.0,4.006667,19.68,2.0,68.41,0.0,11.0
587,226.0,17.61,203.838889,0.0,0.0,0.0,0.0,0.0,0.0,0.0,29.69,0.0,0.0
588,0.0,20.0,0.0,0.0,1935.383333,1175.413333,449.806667,6145.443333,43518.27,2.0,60.45,0.0,23.0
589,0.0,0.0,103.925,0.0,1351.856667,1452.116667,24.323333,13690.75,14502.046667,2.0,80.26,0.0,4.0
590,0.0,61.405833,40.82,0.0,736.37,549.86,197.56,2338.376667,2599.51,2.0,37.67,0.0,15.0
591,461.0,0.0,0.0,0.0,1438.203333,1301.326667,225.31,421.253333,329.543333,3.0,86.82,247.28,9.0
592,277.272727,101.553,52.513636,0.0,1800.506667,1786.873333,561.913333,1754.456667,1555.326667,8.0,27.04,0.0,40.0
593,0.0,0.0,0.0,0.0,505.0,346.616667,0.0,428.17,668.08,1.0,44.58,0.0,1.0
594,0.0,0.0,0.0,0.0,790.65,637.7,132.42,24228.1,39729.863333,1.0,85.65,0.0,5.0
595,0.0,0.0,0.0,0.0,450.556667,813.13,135.316667,17429.886667,81011.57,2.0,88.15,806.8,3.0
596,534.166667,80.909091,67.97,0.0,3440.7,4144.07,131.613333,41794.673333,52992.523333,3.0,30.17,0.0,18.0
597,0.0,0.0,0.0,0.0,491.966667,491.866667,0.0,-4.196667,98.073333,1.0,81.06,13.43,2.0
598,0.0,0.0,0.0,0.0,867.703333,883.6,384.833333,160.1,123.45,2.0,93.35,850.266667,10.0
599,727.0,87.727273,43.45,0.0,2617.92,2580.716667,411.866667,2958.84,4692.666667,4.0,45.71,60347.37,23.0
600,0.0,0.0,0.0,0.0,1066.486667,697.5,41.7,1209.79,1580.716667,2.0,86.85,605.1,5.0
601,0.0,0.0,0.0,0.0,612.543333,570.76,0.0,99.093333,136.703333,1.0,50.04,0.0,3.0
602,436.666667,0.0,0.0,0.0,1012.726667,1298.08,84.84,405.19,59.0,2.0,63.15,2399.143333,4.0
603,522.5,55.807778,37.866667,0.0,3396.583333,1459.936667,337.62,3881.9,3706.226667,1.0,68.33,1960.796667,29.0
604,0.0,0.0,0.0,0.0,1012.84,1013.2,359.383333,4341.376667,8653.413333,1.0,49.96,41158.326667,8.0
605,457.272727,20.05,0.0,0.0,1157.946667,1134.86,40.0,30.2,39.063333,3.0,40.59,0.0,7.0
606,0.0,0.0,0.0,0.0,618.333333,618.96,0.0,6.106667,21.176667,2.0,51.44,0.0,3.0
607,2167.5,0.0,0.0,0.0,7359.643333,7545.93,608.34,2244.373333,1691.143333,3.0,63.12,62656.03,21.0
608,0.0,0.0,0.0,0.0,2477.363333,2442.433333,602.1,8973.526667,9971.956667,3.0,62.21,0.0,9.0
609,214.444444,37.461818,44.683333,0.0,4825.153333,4518.09,368.316667,5398.676667,7290.506667,2.0,31.58,0.0,25.0
610,0.0,0.0,0.0,0.0,452.556667,715.533333,202.56,5445.28,6419.486667,3.0,57.28,0.0,4.0
611,178.571429,114.325833,25.1,0.0,3944.633333,5773.58,420.196667,33416.79,33654.09,4.0,41.46,67724.573333,32.0
612,0.0,0.0,0.0,0.0,1096.536667,1117.833333,269.943333,376.563333,209.876667,4.0,79.04,1304.876667,8.0
613,723.636364,107.705556,111.597778,433.48,5693.646667,5288.23,424.013333,2283.626667,2684.86,4.0,40.26,74752.94,70.0
614,62.5,27.555,48.217143,0.0,1247.733333,1300.0,24244.823333,51044.203333,51177.906667,1.0,34.66,90.333333,8.0
615,213.333333,21.666667,22.85,0.0,2285.036667,2284.216667,344.11,29.14,292.023333,2.0,33.19,6000.0,18.0
616,0.0,0.0,0.0,0.0,392.853333,392.71,0.0,1.133333,8.51,1.0,25.51,0.0,2.0
617,423.333333,59.326364,28.0,0.0,2207.513333,2532.156667,103.1,7230.423333,8242.026667,4.0,35.13,0.0,13.0
618,325.0,0.0,0.0,0.0,823.333333,943.37,0.0,123.956667,11.773333,1.0,37.71,0.0,2.0
619,150.0,34.77,125.54,0.0,2554.0,2859.98,921.556667,25436.373333,25182.95,2.0,45.17,141538.336667,33.0
620,350.909091,10.06,0.0,0.0,163.213333,333.333333,55.033333,963.216667,906.923333,0.0,35.62,0.0,3.0
621,0.0,16.56,0.0,0.0,343.176667,786.9,269.986667,15203.353333,15295.796667,1.0,70.0,0.0,7.0
622,230.0,41.666667,67.10625,0.0,1648.66,1297.053333,148.01,6226.94,21794.176667,1.0,59.0,0.0,17.0
623,0.0,0.0,0.0,0.0,1385.686667,1918.243333,364.736667,7542.433333,57738.97,3.0,70.23,806.8,13.0
624,0.0,0.0,0.0,0.0,880.13,801.796667,0.0,644.08,1188.336667,1.0,68.45,0.0,2.0
625,185.454545,52.662222,40.264286,0.0,1016.013333,985.48,207.173333,65.003333,293.68,2.0,28.54,0.0,29.0
626,182.5,20.0,30.0,0.0,1362.59,1318.623333,299.173333,3409.126667,5582.056667,2.0,67.91,0.0,14.0
627,602.0,0.0,0.0,0.0,786.936667,775.0,0.0,574.526667,194.086667,1.0,20.64,0.0,20.0
628,0.0,0.0,0.0,0.0,504.35,924.796667,504.35,35662.546667,35208.386667,2.0,86.93,850.266667,1.0
629,0.0,0.0,0.0,0.0,128.286667,126.316667,0.0,0.0,13.57,0.0,27.84,0.0,1.0
630,590.909091,22.0,14.366667,0.0,1712.666667,1652.96,140.355,60.25,472.596667,3.0,30.05,0.0,28.0
631,1021.666667,24.52625,51.3,0.0,1355.003333,1353.813333,0.0,1.663333,50.403333,2.0,45.53,0.0,7.0
632,320.0,0.0,0.0,0.0,513.51,793.71,389.016667,53065.203333,53380.973333,2.0,69.36,0.0,8.0
633,1230.0,60.284167,0.0,0.0,3717.866667,4104.923333,266.95,1368.626667,3384.29,2.0,40.24,0.0,18.0
634,640.0,0.0,0.0,0.0,1426.866667,1050.116667,149.486667,524.143333,392.476667,2.0,80.92,646.21,18.0
635,0.0,0.0,0.0,0.0,1154.193333,1014.03,110.02,-312.396667,77.46,3.0,54.77,355.663333,13.0
636,0.0,0.0,0.0,0.0,879.243333,3635.2,212.266667,50091.8,49111.86,4.0,72.24,0.0,8.0
637,143.636364,32.727273,36.99,0.0,3571.493333,3274.753333,237.213333,269.473333,1216.163333,2.0,24.31,8033.753333,25.0
638,0.0,0.0,0.0,0.0,1951.3,1583.343333,140.37,2629.473333,1686.786667,4.0,83.28,0.0,4.0
639,50.0,0.0,0.0,0.0,290.36,833.136667,41.483333,22644.02,86022.893333,3.0,84.45,802.12,4.0
640,0.0,0.0,0.0,0.0,1791.846667,1664.08,507.536667,2341.283333,7093.496667,4.0,47.52,1185.226667,19.0
641,0.0,33.616667,112.583333,0.0,2741.766667,2400.723333,203.7,38940.746667,92639.72,4.0,79.8,1595.106667,11.0
642,0.0,51.390833,12.95,0.0,3556.766667,3500.023333,383.24,2413.993333,3361.23,4.0,41.16,32041.17,35.0
643,72.5,10.0,0.0,0.0,514.903333,514.696667,279.82,270.443333,357.663333,2.0,52.48,102525.433333,4.0
644,0.0,0.0,0.0,0.0,795.0,795.333333,0.0,3.5,3.446667,1.0,62.51,795.333333,1.0
645,736.363636,0.0,0.0,0.0,872.553333,862.293333,89.38,180.103333,255.33,2.0,77.83,793.99,7.0
646,50.0,0.0,0.0,0.0,24323.963333,24338.756667,63.023333,45627.263333,191395.876667,3.0,89.51,1071.22,16.0
647,0.0,0.0,0.0,0.0,56.82,677.393333,51.923333,7069.77,6843.356667,1.0,35.39,0.0,1.0
648,991.666667,69.094444,23.0,0.0,2507.366667,2369.3,265.123333,979.523333,227.29,2.0,32.45,81963.193333,31.0
649,304.166667,82.491818,0.0,0.0,1468.933333,1495.61,218.44,8174.9,9804.336667,2.0,31.47,82243.5,18.0
650,0.0,0.0,0.0,0.0,1176.396667,1084.013333,322.546667,119927.376667,119626.136667,3.0,74.66,1084.013333,6.0
651,491.0,0.0,0.0,0.0,336.666667,316.52,0.0,58.986667,86.23,1.0,40.58,0.0,2.0
652,0.0,0.0,0.0,0.0,821.676667,1119.823333,171.606667,31181.78,39518.333333,2.0,71.85,637.7,4.0
653,0.0,0.0,0.0,0.0,1114.363333,1440.033333,123.18,10694.946667,10485.35,4.0,66.08,1296.0,6.0
654,107.272727,80.915833,47.5,0.0,911.906667,926.266667,210.503333,2821.97,21634.736667,2.0,75.08,925.9,25.0
655,78.0,0.0,0.0,0.0,876.846667,863.6,221.206667,102.733333,88.923333,2.0,80.68,1394.226667,13.0
656,150.0,0.0,29.425,0.0,430.553333,430.27,0.0,2.503333,14.01,1.0,19.29,0.295,20.0
657,0.0,0.0,0.0,0.0,1056.666667,1083.316667,0.0,37.27,202.673333,1.0,30.56,0.0,8.0
658,0.0,34.22,0.0,0.0,1823.78,1657.28,327.863333,2773.206667,7448.113333,3.0,61.25,3556.103333,11.0
659,482.5,21.475,24.25,0.0,933.68,1378.87,232.64,760.8,11106.563333,2.0,49.85,0.0,18.0
660,0.0,0.0,0.0,0.0,991.29,993.09,69.14,122.01,76.086667,5.0,76.43,491.866667,14.0
661,657.272727,24.857143,0.0,0.0,914.003333,913.893333,0.0,3.04,11.08,1.0,40.57,0.0,3.0
662,80.833333,9.97,5.316667,0.0,831.756667,980.266667,320.653333,316.03,109.0,3.0,46.26,850.266667,27.0
663,881.666667,68.06,63.26875,0.0,4961.47,7947.77,957.516667,18535.73,17669.82,4.0,65.03,3340.756667,52.0
664,0.0,0.0,0.0,0.0,1560.906667,1618.936667,494.91,129.216667,235.746667,3.0,46.67,108.88,21.0
665,126.666667,83.2325,29.0,0.0,3319.913333,3683.253333,340.206667,1518.34,6219.393333,3.0,41.61,0.0,31.0
666,185.454545,30.951818,23.95,0.0,229.46,231.25,0.0,3887.453333,18719.856667,1.0,22.72,0.0,13.0
667,0.0,0.0,0.0,0.0,441.796667,1286.54,162.606667,11973.3,93196.183333,6.0,78.65,0.0,4.0
668,48.181818,26.0,20.0,0.0,615.053333,636.12,831.9,103.676667,231.483333,2.0,27.54,755.396667,13.0
669,0.0,0.0,57.918,0.0,8221.643333,7452.44,481.136667,9525.0,14656.023333,10.0,41.89,145444.13,30.0
670,0.0,0.0,0.0,0.0,2091.36,2298.403333,336.116667,978.376667,591.68,4.0,54.4,8142.153333,19.0
671,353.0,61.1,0.0,0.0,1426.783333,1449.2,192.79,4170.96,4742.776667,2.0,25.78,5315.926667,9.0
672,0.0,0.0,0.0,0.0,488.736667,436.316667,244.45,2163.766667,2244.19,1.0,74.27,0.0,4.0
673,527.142857,0.0,0.0,0.0,2.823333,0.0,0.0,0.0,123.413333,0.0,34.58,0.0,0.0
674,0.0,0.0,0.0,0.0,271.75,161.463333,15.0,11643.61,11635.316667,1.0,39.35,0.0,7.0
675,0.0,55.440833,0.0,0.0,1145.536667,1927.863333,148.113333,33288.573333,93309.07,2.0,69.78,1889.52,15.0
676,315.0,49.555,0.0,0.0,1258.043333,1304.683333,320.026667,835.46,1784.766667,6.0,50.7,44985.18,21.0
677,0.0,0.0,0.0,0.0,1093.386667,1138.62,132.676667,485.063333,939.003333,2.0,36.53,0.0,6.0
678,156.666667,36.94,0.0,0.0,1183.206667,1254.99,303.23,7747.506667,7372.883333,1.0,88.65,1254.99,12.0
679,738.0,0.0,0.0,0.0,658.666667,888.0,21.0,522.76,601.213333,2.0,40.76,0.0,6.0
680,507.272727,96.685714,31.716667,0.0,1501.99,1811.38,79.766667,32757.416667,33839.653333,3.0,41.72,0.0,18.0
681,0.0,0.0,0.0,0.0,657.57,637.7,0.0,94.6,58.303333,1.0,87.4,637.7,25.0
682,0.0,0.0,0.0,0.0,421.266667,445.04,0.0,399.326667,500.666667,2.0,18.61,0.0,18.0
683,417.272727,0.0,331.0,0.0,3799.423333,3534.63,2341.586667,19591.506667,19994.703333,5.0,75.03,5324.003333,22.0
684,433.333333,0.0,0.0,0.0,7770.11,4842.716667,791.303333,22340.27,123578.66,4.0,57.5,164.123333,30.0
685,263.636364,38.668889,27.175,0.0,1256.106667,1325.263333,485.423333,416.303333,393.053333,4.0,57.6,0.0,19.0
686,0.0,0.0,0.0,0.0,510.99,511.273333,23.72,1.856667,17.553333,1.0,36.82,0.0,3.0
687,101.111111,40.0,37.4875,0.0,2033.196667,1373.483333,312.853333,4131.21,5764.823333,1.0,54.57,54161.31,28.0
688,0.0,0.0,0.0,0.0,35.98,36.0,0.0,0.15,0.136667,0.0,5.8,0.0,0.0
689,325.0,66.7625,32.0,0.0,1112.566667,1089.06,126.48,1086.876667,863.536667,2.0,35.3,0.0,23.0
690,0.0,0.0,0.0,0.0,962.736667,710.92,299.3,1887.206667,3249.723333,1.0,33.19,0.0,7.0
691,0.0,0.0,0.0,0.0,1369.99,1230.27,138.686667,25493.196667,70582.34,4.0,78.7,605.1,7.0
692,0.0,0.0,0.0,0.0,1009.513333,1011.666667,439.436667,2853.293333,3820.83,3.0,44.91,0.0,5.0
693,0.0,0.0,0.0,0.0,866.143333,777.343333,325.43,543.303333,493.353333,2.0,57.58,0.0,7.0
694,317.777778,48.995714,0.0,0.0,1206.786667,862.006667,117.503333,810.053333,2889.57,1.0,48.56,0.0,15.0
695,335.555556,53.258571,48.2,0.0,935.133333,392.823333,0.0,2827.73,10770.596667,1.0,32.36,461.463333,18.0
696,484.0,0.0,0.0,0.0,219.896667,249.036667,31.223333,563.013333,575.463333,1.0,56.18,0.0,4.0
697,0.0,0.0,0.0,0.0,238.333333,0.0,0.0,292.136667,379.08,0.0,47.9,0.0,1.0
698,346.666667,28.930909,0.0,0.0,1190.32,1018.653333,201.443333,376.296667,352.08,1.0,35.56,0.0,29.0
699,661.666667,45.25,0.0,0.0,1838.676667,1487.496667,465.413333,2968.22,2933.51,5.0,45.29,0.0,39.0
700,0.0,63.470909,124.5,0.0,40285.87,34930.763333,698.873333,22507.116667,153450.45,6.0,66.96,872.67,25.0
701,495.833333,46.3,18.333333,0.0,1234.966667,1053.61,70.8,1399.166667,1249.31,1.0,38.86,0.0,37.0
702,0.0,0.0,0.0,0.0,355.276667,355.276667,137.785,0.133333,3.75,1.0,51.05,0.0,2.0
703,473.333333,0.0,0.0,0.0,3541.346667,1914.86,45.38,17292.75,17538.18,3.0,51.82,0.0,12.0
704,386.666667,0.0,0.0,0.0,430.796667,430.27,106.36,0.346667,4.63,1.0,60.16,0.0,7.0
705,760.0,50.991667,0.0,0.0,1042.243333,677.903333,136.5,318.653333,112.366667,1.0,34.92,3907.446667,11.0
706,200.0,63.433333,0.0,0.0,3168.206667,3136.156667,1419.53,20205.046667,24094.743333,5.0,34.2,105736.663333,18.0
707,0.0,0.0,0.0,0.0,413.723333,786.9,89.833333,32149.476667,207447.133333,1.0,71.99,0.0,7.0
708,0.0,0.0,0.0,0.0,595.806667,2280.93,247.106667,166156.94,166559.483333,2.0,96.83,1337.35,9.0
709,587.5,33.321111,0.0,0.0,1598.87,601.89,136.933333,461.456667,1242.09,1.0,38.41,0.0,18.0
710,0.0,0.0,0.0,0.0,835.466667,637.713333,270.843333,1442.55,2041.746667,1.0,57.2,0.0,5.0
711,0.0,0.0,0.0,0.0,1710.713333,1240.82,292.55,5431.873333,5127.016667,3.0,84.06,773.4,8.0
712,0.0,117.284,52.866667,0.0,1416.04,1548.64,206.96,23660.956667,26003.596667,3.0,32.25,31479.313333,10.0
713,0.0,0.0,0.0,0.0,3730.606667,2630.72,531.416667,12780.09,13840.473333,1.0,82.84,2630.72,15.0
714,0.0,0.0,0.0,0.0,418.093333,418.093333,0.0,4.76,22.83,1.0,71.46,1.43,3.0
715,247.5,142.7875,70.175,0.0,851.236667,1254.43,28.816667,12173.373333,12517.246667,6.0,23.5,0.0,13.0
716,0.0,0.0,0.0,0.0,1098.753333,969.013333,114.04,17610.233333,17487.0,2.0,71.75,4321.903333,10.0
717,0.0,0.0,0.0,0.0,239.356667,239.036667,0.0,0.576667,0.84,1.0,54.27,0.07,3.0
718,0.0,0.0,0.0,0.0,775.193333,591.6,131.16,53.443333,91.443333,1.0,63.05,881.686667,14.0
719,1140.0,26.41,14.1,0.0,2936.28,2866.983333,1083.623333,21815.053333,22226.933333,1.0,62.84,0.0,17.0
720,0.0,0.0,0.0,0.0,5.0,0.0,0.0,380.55,383.05,0.0,36.9,0.0,0.0
721,40.0,94.616667,27.05,0.0,999.32,795.663333,274.1,20537.566667,21089.156667,1.0,72.57,1163.52,7.0
722,750.0,0.0,0.0,0.0,1098.296667,1023.333333,100.49,209.18,532.613333,2.0,28.39,3506.42,17.0
723,0.0,0.0,0.0,0.0,7898.903333,5298.596667,632.883333,86538.71,114723.526667,3.0,66.12,0.0,16.0
724,633.333333,0.0,0.0,0.0,463.333333,464.166667,0.0,15.466667,38.253333,1.0,38.93,0.0,2.0
725,195.0,49.470833,39.994167,0.0,1665.036667,1021.22,566.623333,15.026667,281.573333,3.0,32.72,783.6,46.0
726,0.0,345.987778,210.832727,0.0,7434.883333,7098.176667,6577.13,18200.866667,18902.046667,5.0,53.59,993.036667,24.0
727,497.5,62.669,0.0,0.0,1160.646667,773.313333,840.46,173.266667,342.98,1.0,31.21,243.553333,17.0
728,0.0,0.0,0.0,0.0,637.84,637.7,13.84,0.36,21.28,1.0,70.1,0.0,3.0
729,327.5,0.0,0.0,0.0,943.933333,595.66,0.0,2868.72,3127.13,1.0,70.38,0.0,10.0
730,0.0,0.0,0.0,0.0,775.936667,783.333333,471.443333,18.29,170.436667,3.0,29.88,0.0,13.0
731,0.0,0.0,0.0,0.0,535.206667,259.733333,447.72,12297.493333,12396.86,1.0,56.09,0.0,3.0
732,164.444444,23.84,83.625,0.0,2369.42,789.876667,36.0,8511.983333,10084.23,1.0,59.01,0.0,11.0
733,404.285714,0.0,0.0,0.0,9216.666667,71.516667,0.0,475.903333,6010.596667,1.0,79.8,0.0,1.0
734,0.0,0.0,0.0,0.0,0.243333,0.0,272.98,0.0,0.36,0.0,47.72,0.0,0.0
735,200.0,81.805833,32.7,0.0,2924.27,3277.736667,400.933333,2412.233333,3503.743333,10.0,35.02,110602.503333,38.0
736,496.25,0.0,0.0,0.0,1267.536667,781.083333,113.303333,6896.34,74460.496667,2.0,55.23,0.0,18.0
737,0.0,0.0,0.0,0.0,1172.686667,1254.91,69.845,5124.243333,5509.566667,1.0,70.12,11.793333,6.0
738,150.0,0.0,0.0,0.0,404.19,815.93,106.82,2988.91,2520.196667,2.0,76.26,841.423333,8.0
739,395.833333,50.466,39.666667,0.0,2097.46,1931.64,161.85,8898.966667,8752.716667,5.0,38.8,96701.786667,26.0
740,903.333333,58.473333,83.250833,0.0,2155.69,2116.316667,224.66,1389.49,472.38,3.0,48.47,0.0,56.0
741,757.5,0.0,0.0,0.0,853.39,852.233333,0.0,1.956667,8.36,4.0,54.49,0.0,5.0
742,0.0,0.0,0.0,0.0,888.666667,886.0,0.0,0.806667,4.426667,1.0,24.38,0.0,2.0
743,0.0,0.0,0.0,0.0,59.31,0.12,20.976667,70753.316667,90768.053333,0.0,67.74,0.0,2.0
744,310.0,42.95,26.9,0.0,5.0,0.0,0.0,78.07,82.903333,0.0,93.65,0.0,0.0
745,83.333333,51.1325,98.15,0.0,1893.11,1439.69,133.683333,8314.86,11457.166667,2.0,35.25,84511.183333,19.0
746,20.0,52.233333,36.026667,0.0,514.373333,584.393333,55.77,255.6,5954.783333,2.0,39.78,0.0,6.0
747,645.833333,36.363636,123.95,0.0,2658.286667,2034.203333,719.0,5505.843333,12568.466667,3.0,67.96,10674.38,20.0
748,0.0,0.0,158.3,0.0,1760.616667,1166.826667,59.78,13780.666667,86777.013333,2.0,73.92,243.463333,15.0
749,0.0,0.0,0.0,0.0,813.0,1011.326667,0.0,4469.14,5296.596667,2.0,89.81,806.8,2.0
750,437.5,33.388,25.425,0.0,2780.656667,2578.45,331.093333,-242.51,115.65,6.0,37.32,7872.88,28.0
751,0.0,0.0,0.0,0.0,711.936667,704.873333,72.456667,28.563333,17270.023333,4.0,81.39,0.0,3.0
752,383.333333,0.0,0.0,0.0,820.59,744.33,148.756667,3053.603333,2726.323333,1.0,85.02,744.33,8.0
753,0.0,0.0,0.0,0.0,1105.96,1159.526667,273.793333,739.08,1054.463333,2.0,51.58,0.0,12.0
754,899.166667,19.52,0.0,0.0,1323.16,1324.903333,298.43,259.6,171.47,5.0,87.28,806.8,11.0
755,0.0,0.0,0.0,0.0,3200.966667,2968.163333,804.263333,9878.156667,11092.88,5.0,55.0,0.0,19.0
756,0.0,0.0,0.0,0.0,238.11,322.75,61.035,1325.48,25319.25,1.0,58.41,0.0,2.0
757,0.0,0.0,0.0,6073.15,65845.883333,60506.393333,11637.02,30070.233333,36856.666667,23.0,34.69,67148.7,32.0
758,193.75,0.0,76.525,0.0,12549.44,9185.62,1035.776667,16706.46,62732.683333,4.0,48.09,174.17,19.0
759,74.444444,38.67,0.0,0.0,620.966667,750.24,197.846667,452.196667,198.396667,2.0,39.24,742.173333,18.0
760,167.5,321.742,0.0,0.0,1783.67,3091.353333,150.51,7718.523333,5341.773333,3.0,86.94,795.336667,14.0
761,911.818182,109.954286,0.0,0.0,2155.476667,2786.163333,144.32,1004.616667,1173.26,5.0,41.79,0.0,33.0
762,404.444444,40.22,62.025,0.0,1101.493333,1098.703333,30.0,-111.176667,189.34,2.0,24.57,339.55,38.0
763,104.444444,87.915,150.233636,0.0,4942.533333,2226.116667,183.05,533.92,798.2,4.0,32.03,728.93,66.0
764,0.0,49.66,72.65,0.0,2111.026667,406.73,3426.416667,2936.96,4092.496667,1.0,69.11,2551.256667,12.0
765,102.5,0.0,0.0,0.0,913.906667,873.803333,0.0,3.89,86.976667,3.0,44.77,0.0,12.0
766,238.181818,76.101667,69.468182,0.0,1430.153333,1027.53,421.966667,714.686667,483.49,2.0,31.96,0.0,21.0
767,0.0,0.0,0.0,0.0,611.22,611.85,277.436667,228.073333,334.126667,1.0,44.82,0.0,4.0
768,0.0,0.0,0.0,0.0,3912.533333,4050.25,2240.266667,368.276667,2269.273333,3.0,83.05,1800.0,12.0
769,585.0,0.0,0.0,0.0,320.573333,326.9,0.0,81.2,32.703333,1.0,49.72,0.0,3.0
770,228.0,76.06,12.15,0.0,1249.403333,2209.796667,0.0,3158.0,2537.43,3.0,26.18,0.0,33.0
771,46.666667,0.0,0.0,0.0,41760.61,39457.553333,571.823333,37958.68,144799.1,4.0,72.65,637.7,17.0
772,0.0,0.0,0.0,0.0,233.333333,705.26,0.0,13678.643333,14829.113333,1.0,65.53,0.0,2.0
773,541.666667,0.0,33.8975,0.0,2171.256667,2143.333333,716.38,734.69,722.553333,4.0,44.77,138851.983333,37.0
774,559.166667,82.221667,139.85,0.0,7871.51,7309.006667,514.68,2988.993333,9679.96,8.0,46.41,63080.076667,52.0
775,550.833333,86.016667,23.575,0.0,2263.37,7369.703333,38.5,17156.313333,20503.383333,3.0,31.82,0.0,15.0
776,1382.5,0.0,0.0,0.0,2366.926667,1188.006667,110.933333,848.473333,255.09,2.0,44.24,206.693333,24.0
777,183.636364,0.0,59.125,0.0,432.773333,432.27,0.0,3.276667,18.236667,1.0,44.16,0.0,12.0
778,517.5,0.0,0.0,0.0,2156.08,1991.123333,29.3,493.996667,724.983333,3.0,53.1,351.485,9.0
779,410.0,34.578,125.9,0.0,2539.016667,1989.063333,1007.266667,6444.08,7894.53,2.0,64.39,425.466667,18.0
780,471.111111,20.0,30.93,0.0,1980.153333,1981.133333,0.0,282.23,147.563333,3.0,52.35,0.0,11.0
781,40.0,0.0,0.0,0.0,2694.276667,2068.516667,436.496667,8779.976667,8300.576667,2.0,39.12,154510.643333,20.0
782,496.666667,144.669167,34.3375,0.0,2542.09,2581.12,156.096667,1112.67,803.043333,5.0,69.83,1531.093333,57.0
783,532.222222,58.235,18.525,0.0,3319.42,2093.433333,148.126667,21375.536667,52505.746667,6.0,70.39,293.496667,32.0
784,358.181818,20.0,120.59,0.0,1866.316667,1369.98,303.126667,626.206667,518.12,6.0,38.2,658.903333,30.0
785,86.0,21.666667,37.41,0.0,1256.506667,1350.0,137.52,4226.35,4422.986667,1.0,51.33,4436.816667,23.0
786,0.0,0.0,0.0,0.0,1667.836667,1689.95,174.55,25409.06,26907.916667,1.0,77.6,0.0,5.0
787,0.0,0.0,0.0,0.0,673.633333,674.75,0.0,3.933333,66.65,1.0,43.08,0.0,3.0
788,315.0,0.0,0.0,0.0,1203.99,1147.313333,427.836667,98.57,351.623333,3.0,41.85,99.24,10.0
789,155.0,72.71,0.0,0.0,609.426667,877.0,0.0,846.57,761.16,3.0,55.75,0.0,10.0
790,0.0,0.0,0.0,0.0,149.943333,150.45,0.0,0.693333,20.975,1.0,38.38,0.0,3.0
791,0.0,0.0,0.0,0.0,1106.056667,1667.776667,0.0,1527.233333,1654.526667,4.0,19.8,0.0,20.0
792,0.0,0.0,0.0,0.0,773.293333,774.176667,0.0,11.626667,80.373333,2.0,40.94,0.0,3.0
793,361.666667,20.0,34.7,0.0,8676.8,8473.44,2247.55,1200.55,1348.22,9.0,55.33,164757.266667,42.0
794,642.0,0.0,0.0,0.0,977.986667,944.213333,0.0,5.266667,27.266667,1.0,52.92,944.213333,3.0
795,220.0,0.0,0.0,0.0,435.243333,748.836667,202.79,1341.436667,1393.22,3.0,47.76,1173.123333,9.0
796,0.0,0.0,0.0,0.0,1509.993333,1766.92,408.746667,26080.946667,75289.92,2.0,71.85,1526.26,8.0
797,275.555556,98.655,45.326667,0.0,1094.066667,1447.72,0.0,1595.563333,1623.24,4.0,23.36,0.0,14.0
798,70.0,48.25,0.0,0.0,3261.253333,2754.24,387.796667,4616.71,44885.246667,1.0,54.85,167.245,21.0
799,698.333333,0.0,0.0,0.0,346.993333,407.53,10.0,2743.166667,2720.326667,2.0,47.97,0.0,4.0
800,124.0,38.502857,0.0,0.0,1122.553333,1336.9,202.256667,5812.586667,7193.686667,1.0,37.14,41601.65,21.0
801,216.25,70.6575,91.365,0.0,2898.576667,6832.83,129.19,29986.7,178855.686667,2.0,67.84,3126.076667,12.0
802,495.555556,133.736667,49.875,0.0,1834.383333,1382.416667,550.893333,1450.066667,29179.19,3.0,45.2,18995.76,17.0
803,575.833333,42.202,105.802727,0.0,5812.023333,3291.746667,128.813333,16463.816667,15487.79,3.0,51.74,2587.526667,65.0
804,0.0,0.0,0.0,0.0,839.52,857.43,121.376667,1255.46,1066.623333,2.0,86.01,0.0,2.0
805,432.5,0.0,0.0,0.0,488.683333,578.946667,294.32,213.24,86.963333,1.0,58.33,1147.246667,4.0
806,0.0,0.0,0.0,0.0,224.25,229.476667,132.81,12.343333,50.03,1.0,21.12,0.0,4.0
807,0.0,0.0,0.0,0.0,8132.81,7978.39,535.756667,2702.92,3341.443333,5.0,49.37,1455.376667,14.0
808,0.0,0.0,0.0,0.0,398.666667,286.846667,0.0,-108.726667,17.47,1.0,63.32,163.09,4.0
809,0.0,0.0,0.0,0.0,9080.803333,8979.763333,169.995,12190.373333,29118.356667,3.0,86.29,0.0,5.0
810,50.0,0.0,0.0,0.0,694.29,1286.89,23.63,90425.79,105802.963333,2.0,77.03,0.0,3.0
811,248.181818,60.362,0.0,0.0,1261.056667,1460.68,178.566667,8891.893333,8351.403333,1.0,31.31,71555.263333,19.0
812,220.0,132.02,69.485714,0.0,1386.513333,758.156667,358.56,25879.17,26366.496667,3.0,31.88,247.225,18.0
813,0.0,0.0,0.0,0.0,630.01,860.766667,43.36,1113.86,3239.773333,1.0,74.39,0.0,4.0
814,299.166667,125.940833,70.222222,0.0,3395.136667,2135.946667,510.616667,10622.806667,93375.843333,2.0,75.59,117.016667,57.0
815,319.090909,437.581667,63.502727,0.0,1453.116667,1093.993333,413.713333,762.71,1016.336667,3.0,43.03,0.0,28.0
816,0.0,0.0,0.0,0.0,988.26,977.373333,50.26,66.01,45.233333,1.0,61.48,977.373333,9.0
817,0.0,0.0,0.0,0.0,798.333333,800.75,0.0,9.533333,82.366667,1.0,44.58,0.0,4.0
818,148.75,0.0,30.233333,0.0,373.453333,362.103333,0.0,75.1,104.886667,2.0,22.93,0.0,18.0
819,280.0,27.19,42.899,0.0,4638.896667,4042.683333,223.103333,1408.736667,1152.033333,5.0,27.63,3466.74,39.0
820,0.0,0.0,0.0,0.0,52782.843333,10783.76,3899.903333,168737.783333,205811.95,3.0,60.36,0.0,4.0
821,0.0,0.0,0.0,0.0,1790.046667,1867.676667,87.51,911.446667,745.886667,4.0,59.97,0.0,6.0
822,0.0,0.0,0.0,0.0,104.92,408.376667,77.396667,39148.316667,49365.373333,2.0,75.53,0.0,3.0
823,1058.333333,58.31,55.65,0.0,1947.153333,1759.29,373.333333,1068.646667,1157.65,1.0,35.91,0.0,24.0
824,454.166667,0.0,0.0,0.0,629.436667,917.636667,110.67,1229.1,719.58,1.0,49.92,1746.21,20.0
825,894.166667,392.043333,290.982,0.0,823.913333,798.496667,1979.733333,5292.593333,7274.956667,2.0,29.31,0.0,11.0
826,0.0,0.0,0.0,0.0,637.7,637.7,0.0,10.0,10.0,1.0,93.05,637.7,1.0
827,680.0,25.0,72.903333,0.0,973.17,676.783333,0.0,553.233333,688.246667,1.0,24.87,0.0,21.0
828,355.833333,15.133333,8.4,0.0,2317.93,2115.486667,287.103333,1198.77,945.223333,2.0,66.14,58231.44,39.0
829,784.166667,210.416667,26.36,0.0,5879.56,5880.61,874.573333,2826.066667,2249.466667,3.0,47.16,0.0,48.0
830,0.0,0.0,32.37,0.0,1723.996667,1925.06,49.895,2686.07,1702.036667,1.0,38.85,159214.996667,23.0
831,158.333333,127.945,248.58,0.0,2571.016667,2779.476667,94.626667,37996.653333,37184.936667,3.0,68.37,2772.386667,34.0
832,0.0,0.0,0.0,0.0,528.446667,495.866667,2333.333333,1196.236667,2476.783333,2.0,50.96,0.0,6.0
833,0.0,0.0,0.0,0.0,424.026667,2713.38,0.0,5930.093333,4550.726667,1.0,55.67,0.0,14.0
834,347.0,71.833333,63.135714,0.0,6567.41,7470.693333,379.993333,6627.87,4233.066667,4.0,40.88,130299.893333,37.0
835,368.0,66.0,33.233333,0.0,3.436667,0.0,0.0,0.0,62.716667,0.0,24.77,0.0,0.0
836,156.25,53.333333,88.125,0.0,1234.8,1307.303333,496.803333,244.276667,847.61,1.0,43.34,96038.333333,29.0
837,178.333333,72.231111,40.021667,0.0,1178.82,1158.95,14931.033333,1013.693333,440.893333,2.0,30.61,0.0,16.0
838,0.0,0.0,0.0,0.0,1504.286667,19597.826667,128.853333,34521.6,71194.1,5.0,78.7,1266.27,4.0
839,618.333333,33.126,32.75,0.0,1575.266667,3230.88,351.753333,5828.196667,5081.603333,1.0,47.91,0.0,16.0
840,0.0,0.0,0.0,0.0,0.0,0.0,0.0,0.0,0.0,0.0,56.47,0.0,0.0
841,0.0,78.710833,70.0,0.0,13801.62,9633.98,314.863333,19642.243333,23799.79,2.0,49.66,17092.876667,16.0
842,0.0,0.0,0.0,0.0,2077.98,1819.453333,579.903333,265.083333,305.216667,3.0,56.98,9052.69,38.0
843,0.0,0.0,0.0,0.0,2230.096667,1029.31,44.065,6182.03,46765.336667,1.0,63.65,1029.31,6.0
844,183.333333,0.0,0.0,0.0,981.86,1044.416667,90.506667,16573.706667,32162.683333,3.0,69.74,956.653333,7.0
845,0.0,0.0,0.0,0.0,14.92,854.49,12.326667,6050.21,5407.853333,3.0,93.88,850.266667,2.0
846,415.0,21.045,110.463333,0.0,2027.446667,1325.0,28893.236667,390.936667,449.466667,1.0,38.53,7452.406667,23.0
847,458.181818,75.109167,83.992857,0.0,3082.15,3068.31,1060.653333,984.513333,2156.673333,4.0,40.24,0.0,26.0
848,719.090909,235.193333,79.666667,62065.923333,8956.29,8944.733333,24581.273333,5501.97,5551.74,3.0,37.09,134445.75,39.0
849,614.285714,40.233333,0.0,0.0,4594.736667,1424.89,283.056667,23368.626667,24601.25,2.0,70.93,0.0,13.0
850,236.666667,85.049167,0.0,0.0,2174.276667,1228.596667,180.036667,16506.94,65949.286667,3.0,69.72,222.336667,18.0
851,0.0,0.0,0.0,0.0,693.88,596.5,4934.273333,5606.19,33597.846667,1.0,62.92,0.0,9.0
852,879.166667,155.335,77.696,0.0,2927.213333,1705.293333,825.33,173.313333,393.826667,1.0,40.15,2285.403333,36.0
853,200.0,71.671667,379.666667,0.0,1043.193333,678.113333,397.48,23407.006667,25211.28,2.0,77.58,0.0,5.0
854,0.0,0.0,0.0,0.0,605.0,605.1,187.813333,0.71,61.576667,1.0,68.84,605.1,2.0
855,0.0,0.0,0.0,0.0,882.436667,1068.923333,220.966667,6821.23,7145.333333,1.0,42.47,165299.916667,6.0
856,204.166667,0.0,0.0,0.0,3804.536667,2435.82,842.696667,15515.353333,54484.47,2.0,46.96,0.0,30.0
857,740.0,171.899167,71.5975,0.0,1802.013333,1824.053333,885.143333,880.653333,468.843333,5.0,30.81,20969.896667,25.0
858,0.0,0.0,0.0,0.0,448.333333,447.44,0.0,137.32,63.66,1.0,46.92,0.0,2.0
859,0.0,0.0,0.0,0.0,2470.39,1357.57,618.193333,3036.846667,4431.41,2.0,49.74,0.0,11.0
860,0.0,0.0,0.0,0.0,1022.46,0.0,86.58,4475.23,4971.27,0.0,19.27,0.0,28.0
861,365.0,60.741667,134.57,0.0,1258.38,438.52,683.77,7899.683333,9256.78,1.0,61.1,0.0,23.0
862,0.0,0.0,0.0,0.0,110.0,194.8,0.0,182.0,223.94,1.0,19.71,0.0,2.0
863,143.333333,97.829091,22.52,0.0,2651.776667,1774.9,461.006667,992.893333,2123.506667,4.0,46.28,69344.716667,47.0
864,327.142857,21.5375,25.166667,0.0,1091.563333,1099.6,511.06,160.84,192.916667,5.0,40.64,0.0,24.0
865,679.166667,19.14,0.0,0.0,1397.013333,568.216667,207.923333,10154.596667,11520.726667,2.0,56.96,5106.876667,12.0
866,0.0,0.0,0.0,0.0,888.37,851.293333,0.0,0.0,74.8,1.0,43.48,0.0,4.0
867,131.25,0.0,0.0,0.0,310.883333,293.333333,82.26,834.826667,873.63,1.0,38.59,0.0,6.0
868,170.0,98.165,0.0,0.0,21482.156667,2610.05,498.866667,213750.206667,226400.54,2.0,47.2,22.115,21.0
869,275.833333,16.7,20.2,0.0,6269.536667,6266.163333,188.303333,3917.69,5457.99,2.0,22.15,0.0,21.0
870,0.0,0.0,0.0,0.0,1058.683333,1249.4,883.51,16812.756667,46346.993333,1.0,77.58,0.0,7.0
871,535.0,20.0,0.0,0.0,221.666667,259.553333,0.0,136.45,156.696667,1.0,35.23,0.0,2.0
872,200.0,38.01,273.05,0.0,710.376667,1731.49,0.0,37640.696667,90697.506667,2.0,75.24,1529.183333,16.0
873,0.0,0.0,0.0,0.0,433.333333,933.333333,0.0,1000.0,944.803333,1.0,25.33,0.0,1.0
874,334.545455,62.491667,81.025,0.0,1481.246667,1599.983333,212.566667,12547.096667,12940.91,1.0,42.52,95754.443333,16.0
875,0.0,0.0,0.0,0.0,3.563333,0.0,0.0,0.0,5.35,0.0,51.38,0.0,0.0
876,247.272727,20.0,60.15,0.0,898.08,1013.2,0.0,672.543333,954.943333,1.0,34.54,0.0,19.0
877,60.0,0.0,0.0,0.0,1576.273333,1699.53,590.41,766.703333,263.303333,5.0,75.5,1694.623333,14.0
878,670.833333,25.0,12.4,0.0,2051.863333,1708.35,237.85,3113.766667,3413.476667,3.0,63.57,1765.543333,32.0
879,233.333333,20.0,0.0,0.0,701.37,707.03,695.556667,176.503333,488.94,3.0,35.28,60090.223333,18.0
880,0.0,0.0,0.0,0.0,128.333333,129.08,0.0,0.996667,1.405,0.0,29.48,0.0,1.0
881,526.666667,73.149091,200.783333,0.0,12219.356667,9330.62,1451.13,6755.906667,5534.696667,7.0,44.57,115114.646667,72.0
882,556.666667,39.0,20.2,0.0,1712.18,1688.106667,701.73,3.573333,287.68,2.0,31.35,2256.09,22.0
883,0.0,0.0,0.0,0.0,2014.726667,2278.053333,471.656667,2087.22,13973.403333,3.0,75.04,806.8,11.0
884,450.0,0.0,0.0,0.0,1944.123333,1137.52,204.536667,2735.583333,2783.546667,2.0,82.48,1037.52,9.0
885,301.666667,15.6,0.0,0.0,5023.63,5075.453333,22.5,236.476667,284.976667,6.0,36.87,0.0,23.0
886,0.0,0.0,0.0,0.0,385.666667,430.27,144.555,15260.306667,21426.866667,1.0,59.11,0.0,3.0
887,515.454545,0.0,90.07,0.0,2496.453333,1810.22,167.16,1680.083333,2226.73,2.0,53.75,93153.85,27.0
888,192.222222,26.666667,23.425,0.0,1323.83,1456.873333,0.0,163.193333,433.706667,3.0,35.21,0.0,22.0
889,375.0,253.773333,0.0,0.0,4389.413333,4756.776667,232.71,24230.203333,28688.626667,5.0,47.89,0.0,25.0
890,0.0,0.0,0.0,0.0,1007.666667,150.0,5.0,1732.143333,1960.723333,0.0,30.38,0.0,8.0
891,0.0,0.0,0.0,0.0,500.84,605.1,238.956667,692.676667,465.746667,1.0,71.53,605.1,2.0
892,0.0,0.0,0.0,0.0,335.0,390.776667,0.0,59.053333,28.023333,3.0,57.42,0.0,3.0
893,0.0,33.45,45.875,0.0,2275.263333,1744.14,734.863333,25016.32,33767.106667,2.0,56.27,0.0,10.0
894,1146.666667,0.0,0.0,0.0,1498.333333,1508.726667,0.0,15.983333,116.7,2.0,75.15,1460.066667,3.0
895,0.0,0.0,0.0,0.0,818.333333,793.61,0.0,474.863333,509.43,1.0,35.43,0.0,5.0
896,673.333333,75.64,0.0,0.0,2978.89,4269.053333,377.643333,3011.62,2613.3,5.0,30.14,0.0,35.0
897,944.0,0.0,0.0,0.0,979.36,1027.776667,0.0,9.246667,112.806667,1.0,29.47,0.0,5.0
898,0.0,0.0,0.0,0.0,972.303333,1237.223333,130.74,45308.653333,103542.92,2.0,80.92,0.0,7.0
899,300.0,0.0,0.0,0.0,1348.333333,1295.806667,0.0,525.33,877.083333,1.0,47.63,0.0,8.0
900,0.0,0.0,0.0,0.0,1185.41,1618.736667,529.06,1897.8,1413.1,2.0,23.41,0.0,9.0
901,0.0,0.0,0.0,0.0,1476.076667,1346.96,57.04,25252.883333,25320.95,2.0,71.41,1280.293333,5.0
902,0.0,0.0,0.0,0.0,2518.72,2487.846667,200.1,427.48,844.183333,3.0,46.25,0.0,8.0
903,0.0,0.0,0.0,0.0,619.973333,640.053333,146.47,266.23,257.04,4.0,27.82,146.05,10.0
904,346.0,30.0,17.5,0.0,21.666667,0.0,520.83,2.2,7.923333,0.0,24.37,0.0,1.0
905,0.0,0.0,0.0,0.0,764.543333,517.193333,0.0,7.346667,15.94,1.0,35.24,0.0,3.0
906,0.0,0.0,0.0,0.0,3397.996667,3422.556667,234.84,214.366667,51870.636667,3.0,52.22,0.0,13.0
907,0.0,0.0,0.0,0.0,1065.053333,1444.306667,102.063333,20159.303333,19536.336667,1.0,86.58,1444.306667,10.0
908,85.454545,44.06,0.0,0.0,857.073333,977.33,646.415,765.88,5000.006667,2.0,23.57,0.0,8.0
909,0.0,0.0,0.0,0.0,1294.323333,1049.2,262.773333,1291.533333,1094.96,1.0,73.15,3430.533333,17.0
910,0.0,0.0,0.0,0.0,1211.656667,1065.173333,165.833333,17376.203333,17925.07,3.0,86.34,0.0,9.0
911,290.909091,49.154545,0.0,0.0,390.813333,1122.193333,10.97,13022.14,15107.533333,2.0,31.71,0.0,7.0
912,249.166667,93.436667,86.3,0.0,1058.116667,1036.366667,145.073333,4550.826667,4500.456667,1.0,44.27,107260.276667,18.0
913,395.0,42.523333,183.515714,0.0,0.0,0.0,0.0,0.0,0.0,0.0,36.04,0.0,0.0
914,384.166667,97.51,48.316667,0.0,1268.886667,1120.436667,78.94,380.193333,710.59,3.0,30.87,0.0,21.0
915,480.0,0.0,0.0,0.0,213.986667,1324.96,76.056667,55183.32,56135.943333,2.0,38.03,0.0,5.0
916,1700.0,0.0,0.0,0.0,2531.643333,3748.456667,307.773333,30065.0,31294.253333,2.0,69.55,0.0,12.0
917,440.0,49.402,0.0,0.0,3245.166667,3339.153333,307.623333,80731.323333,199613.436667,5.0,65.94,0.0,47.0
918,195.0,52.0,38.683333,0.0,823.656667,740.043333,117.163333,15749.763333,21638.713333,4.0,34.01,0.0,28.0
919,0.0,0.0,0.0,0.0,815.543333,1113.06,331.233333,1097.89,3884.146667,2.0,57.35,0.0,19.0
920,625.0,86.97625,0.0,0.0,0.0,0.0,0.0,0.0,0.0,0.0,38.07,0.0,0.0
921,117.5,18.333333,21.25,0.0,2037.23,2070.486667,208.48,177.786667,437.08,6.0,30.86,56189.0,21.0
922,131.428571,22.475,231.585,0.0,6604.806667,6551.03,173.41,2816.0,2020.116667,5.0,27.3,2968.673333,34.0
923,0.0,0.0,0.0,0.0,368.0,368.116667,177.373333,0.543333,0.733333,1.0,47.63,0.0,2.0
924,0.0,0.0,0.0,0.0,1070.456667,55251.083333,196.27,62774.583333,171076.936667,5.0,84.66,0.0,3.0
925,161.666667,33.0,0.0,0.0,1933.07,1189.253333,252.48,14667.896667,17202.223333,2.0,63.87,393.573333,14.0
926,0.0,0.0,0.0,0.0,849.06,1109.376667,5.29,12124.096667,472347.08,1.0,87.37,0.0,3.0
927,575.0,0.0,112.35,0.0,1209.84,1341.916667,1042.53,435.023333,317.293333,3.0,57.92,660.0,8.0
928,400.0,41.333333,82.790909,0.0,869.383333,659.986667,615.643333,-329.523333,850.54,1.0,55.23,2828.88,11.0
929,0.0,0.0,0.0,0.0,1338.586667,1440.566667,103.08,17302.37,16854.85,3.0,69.49,1393.9,18.0
930,648.333333,0.0,0.0,0.0,0.0,0.0,0.0,4.08,4.08,0.0,51.49,0.0,0.0
931,715.833333,41.544167,39.096667,0.0,2967.593333,1961.203333,138.846667,895.223333,488.04,3.0,51.25,928.336667,39.0
932,0.0,0.0,0.0,0.0,2466.666667,5802.85,0.0,14429.543333,48131.036667,3.0,52.86,0.0,2.0
933,0.0,0.0,0.0,0.0,3045.783333,2877.646667,457.966667,482.043333,698.053333,4.0,35.58,108093.116667,15.0
934,62.222222,17.711111,7.9825,0.0,941.37,968.23,470.273333,90.52,347.51,1.0,26.31,0.0,41.0
935,1438.333333,2609.15,0.0,0.0,10428.166667,10489.766667,406.536667,1524.146667,6108.59,4.0,47.16,693.273333,20.0
936,0.0,0.0,0.0,0.0,629.433333,831.336667,16.15,220.826667,100.31,2.0,62.02,795.333333,3.0
937,400.0,0.0,0.0,0.0,400.0,400.0,0.0,18.333333,3.93,1.0,52.31,0.0,2.0
938,137.142857,105.0,0.0,0.0,338.993333,377.053333,11.025,60.353333,250.5,3.0,23.27,0.0,8.0
939,0.0,0.0,0.0,0.0,569.2,877.44,93.165,6416.396667,5930.023333,3.0,73.42,877.44,6.0
940,0.0,0.0,0.0,0.0,667.83,2177.793333,131.665,120341.876667,149490.51,2.0,76.46,1049.2,6.0
941,685.0,86.51375,13.4,0.0,956.676667,949.063333,54.3,45.516667,262.18,2.0,45.37,33.31,16.0
942,667.0,0.0,0.0,0.0,353.936667,348.99,70.0,0.193333,116.16,1.0,41.33,0.0,3.0
943,460.0,0.0,0.0,0.0,1183.723333,1137.726667,805.34,1633.406667,1591.783333,3.0,67.09,0.0,8.0
944,558.333333,61.409091,293.75,0.0,2294.733333,2320.21,176.246667,8574.62,8035.956667,2.0,64.65,0.0,15.0
945,925.454545,0.0,0.0,0.0,721.666667,723.056667,0.0,32.973333,34.92,1.0,35.58,0.0,3.0
946,0.0,0.0,0.0,0.0,413.546667,430.27,267.316667,36.576667,72.966667,1.0,40.19,0.0,8.0
947,400.0,0.0,397.0,0.0,1239.163333,1186.91,307.276667,4177.146667,3899.83,4.0,82.48,906.513333,10.0
948,155.0,31.57,0.0,0.0,1720.366667,1711.336667,1308.85,1120.623333,8338.656667,3.0,34.71,11126.653333,22.0
949,333.333333,40.0,0.0,0.0,3096.896667,2008.006667,596.85,2212.663333,2816.493333,3.0,53.31,93466.623333,31.0
950,532.857143,0.0,0.0,0.0,1193.906667,1193.44,0.0,0.156667,55.776667,1.0,44.55,0.0,23.0
951,0.0,0.0,0.0,0.0,2134.526667,2254.603333,0.0,1246.403333,17948.213333,3.0,49.64,142202.543333,5.0
952,0.0,0.0,0.0,0.0,16.85,0.0,35.55,56678.42,56686.056667,0.0,92.78,0.0,1.0
953,141.0,47.7975,0.0,0.0,1784.303333,1977.763333,0.0,9255.156667,10183.933333,6.0,27.21,0.0,41.0
954,0.0,0.0,0.0,0.0,6363.133333,3477.506667,477.7,7542.306667,14509.286667,3.0,35.84,815.703333,10.0
955,240.0,38.815714,16.95,0.0,112.52,163.333333,318.92,91.933333,117.723333,1.0,52.27,0.0,1.0
956,0.0,0.0,0.0,0.0,448.756667,447.613333,0.0,0.41,65.536667,1.0,44.5,0.0,3.0
957,0.0,0.0,0.0,0.0,688.583333,1174.28,71.233333,57456.893333,57044.096667,3.0,79.2,1174.28,4.0
958,140.0,28.11,0.0,0.0,962.01,1177.43,446.673333,560.41,177.826667,5.0,48.52,305.74,14.0
959,241.666667,150.013333,0.0,0.0,5069.263333,3851.076667,446.53,66146.89,64996.386667,4.0,43.38,149.905,29.0
960,465.833333,30.4625,24.15,0.0,1162.26,1011.56,0.0,2200.68,2596.933333,1.0,64.8,0.0,24.0
961,0.0,0.0,0.0,0.0,765.29,637.7,70.236667,20591.743333,20308.503333,1.0,79.96,637.7,4.0
962,0.0,0.0,0.0,0.0,2859.5,2072.973333,86.276667,21625.316667,48527.08,3.0,87.16,1265.493333,6.0
963,0.0,6.92,93.483333,0.0,1015.876667,1009.43,626.726667,21073.23,21895.483333,2.0,68.81,1009.43,14.0
964,870.0,0.0,0.0,0.0,1047.993333,1050.836667,39.893333,1204.906667,1889.173333,1.0,38.38,0.0,5.0
965,359.090909,81.69,0.0,0.0,1405.38,796.966667,193.946667,5220.083333,33718.146667,2.0,66.75,0.0,13.0
966,233.333333,0.0,110.512,0.0,1194.013333,651.456667,22.57,10537.146667,11710.763333,1.0,66.28,209.903333,15.0
967,486.363636,44.285714,22.5,0.0,824.216667,544.916667,206.433333,106.823333,2406.49,2.0,43.5,0.0,18.0
968,0.0,0.0,0.0,0.0,605.93,596.5,677.163333,29.493333,86.143333,1.0,61.16,0.0,5.0
969,0.0,0.0,0.0,0.0,1502.986667,1234.19,65.6,48022.856667,80146.243333,3.0,81.2,0.0,6.0
970,0.0,0.0,0.0,0.0,501.666667,517.136667,133.456667,1358.26,1151.753333,1.0,32.03,0.0,3.0
971,0.0,0.0,0.0,0.0,2480.746667,2533.67,1035.55,1393.34,376.883333,4.0,68.23,1891.203333,13.0
972,50.0,10.944,0.0,0.0,3351.12,3074.463333,1712.073333,-998.043333,1555.01,5.0,55.67,112618.11,52.0
973,0.0,0.0,0.0,0.0,644.3,641.92,48.756667,25.65,41.486667,1.0,51.09,0.0,2.0
974,0.0,0.0,0.0,0.0,390.8,391.12,166.266667,11.916667,96.583333,2.0,22.97,0.0,3.0
975,0.0,0.0,0.0,0.0,1476.803333,1641.883333,161.78,4867.043333,5260.323333,2.0,67.74,0.0,6.0
976,832.5,89.72,0.0,0.0,2675.56,1864.803333,896.79,1737.3,4157.206667,1.0,48.26,658.616667,24.0
977,855.833333,4.25,17.05,0.0,2027.743333,1349.663333,372.245,0.326667,121.873333,3.0,35.27,660.4,28.0
978,0.0,0.0,0.0,0.0,873.666667,872.693333,0.0,2.276667,115.763333,1.0,42.86,0.0,2.0
979,0.0,0.0,0.0,0.0,705.0,1100.726667,0.0,6554.466667,6547.536667,1.0,40.58,0.0,6.0
980,620.0,0.0,0.0,0.0,648.82,651.29,0.0,-9.53,165.316667,1.0,34.95,41482.57,9.0
981,60.0,60.465,53.065,0.0,3836.506667,2641.34,234.206667,4020.676667,23853.116667,3.0,65.32,2435.226667,26.0
982,327.777778,0.0,0.0,0.0,1012.76,1091.516667,418.513333,11390.466667,21356.516667,4.0,75.77,1034.466667,16.0
983,0.0,0.0,0.0,0.0,388.096667,640.966667,1038.626667,30767.003333,98664.36,1.0,88.85,637.7,6.0
984,516.0,40.0,16.0,0.0,2120.646667,2187.553333,290.303333,169.846667,346.99,3.0,57.62,0.0,25.0
985,0.0,0.0,0.0,0.0,2949.076667,609.156667,107.21,8305.063333,8547.743333,1.0,89.79,1096.49,5.0
986,76.666667,27.196667,0.0,0.0,1457.16,1426.93,474.233333,15292.716667,14631.943333,2.0,69.37,957.536667,19.0
987,0.0,0.0,0.0,0.0,528.333333,529.633333,0.0,17.41,17.736667,1.0,44.88,0.0,2.0
988,425.555556,13.266667,136.5,0.0,644.25,583.603333,164.823333,140.106667,354.94,2.0,60.15,22581.523333,13.0
989,373.333333,67.416667,23.8,0.0,1152.23,943.446667,409.59,107.25,191.66,3.0,58.02,1541.023333,21.0
990,0.0,0.0,0.0,0.0,2569.303333,2350.603333,927.17,584.27,582.456667,1.0,48.89,0.0,9.0
991,658.0,77.053333,0.0,0.0,3573.046667,6512.203333,243.656667,139805.8,184427.92,3.0,49.84,0.0,13.0
992,328.888889,178.333,78.7,0.0,4324.806667,3667.056667,512.726667,16913.226667,17359.666667,4.0,43.38,87300.983333,38.0
993,411.666667,50.0,0.0,0.0,1172.4,1118.653333,133.716667,-46.69,75.2,6.0,26.66,155.04,20.0
994,0.0,0.0,0.0,0.0,246.91,244.856667,0.0,1.29,2.916667,1.0,37.8,0.0,4.0
995,63.333333,0.0,46.333333,0.0,450.493333,445.666667,408.185,27.043333,113.386667,1.0,36.94,0.0,4.0
996,0.0,0.0,0.0,0.0,1482.583333,1125.206667,205.9,1014.906667,1095.263333,4.0,53.12,306.59,15.0
997,1174.166667,25.0,0.0,0.0,1748.256667,1659.296667,431.95,-180.25,111.226667,2.0,44.36,4029.78,19.0
998,285.0,0.0,0.0,0.0,1105.0,1450.58,0.0,102893.25,102623.953333,1.0,54.33,1450.58,1.0
999,115.833333,0.0,0.0,0.0,1224.103333,2297.21,104.303333,33567.4,34583.47,2.0,36.31,173222.143333,9.0
